file,name,kind,reason,wikidata_label,wikidata_description,wikidata_id,viaf_id
people_authority.json,(La) Strozzina,,descrizione non da persona,Strozzina,istituzione museale sita nel comune di Firenze e aperta al pubblico tutto l'anno o alcuni mesi,Q93124458,
people_authority.json,(Regia) Accademia Scientifico Letteraria,,descrizione non da persona,Accademia scientifico-letteraria di Milano,accademia statale milanese fondata nel 1859,Q1177350,126682466
people_authority.json,(Regia) Università di Milano,,descrizione non da persona,Università degli Studi di Milano,università pubblica di Milano,Q46210,267985834
people_authority.json,"AA., VV.",,descrizione non da persona; etichetta Wikidata diversa dal nome,autori vari,"termine usato in bibliografia per libri, testi, articoli, ecc. frutti di collaborazioni fra più autori",Q2818964,
people_authority.json,AA.VV.,,descrizione non da persona; etichetta Wikidata diversa dal nome,artisti vari,espressione utilizzata per indicare gli artisti di raccolte musicali,Q3108914,
people_authority.json,Accademia Nazionale dei Lincei,,descrizione non da persona,Accademia Nazionale dei Lincei,accademia delle scienze italiana,Q338432,159293044
people_authority.json,"Adamo, Sergia",,nessuna descrizione,Sergia Adamo,,Q133607759,37130388
people_authority.json,"Alagna, Mirko",,nessuna descrizione,Mirko Alagna,,Q130785282,299851278
people_authority.json,"Aliberti, Francesco",,descrizione non da persona,Aliberti editore,casa editrice italiana,Q3611647,
people_authority.json,Alice,,descrizione non da persona,Alice,prenome femminile,Q650689,
people_authority.json,All'insegna del pesce d'oro (casa editrice),,descrizione non da persona,All'insegna del pesce d'oro,casa editrice italiana,Q65499861,134873972
people_authority.json,"Altenhoff, Andreas",,nessuna descrizione,Andreas Altenhoff,,Q137029065,4170582149893561217
people_authority.json,"Anderson, Laurie Jane",,nessuna descrizione,Laurie Anderson,,Q133615713,55471537
people_authority.json,Annamaria,,descrizione non da persona,Annamaria,prenome femminile,Q18118006,
people_authority.json,Anonimo (ma C.E. Gadda),,descrizione non da persona,anonimo,termine usato per descrivere l'autore ignoto di un'opera,Q4233718,100627125
people_authority.json,Anonimo romano,,etichetta Wikidata diversa dal nome,Bartolomeo di Iacovo da Valmontone,scrittore italiano,Q3635451,
people_authority.json,Ansaldo,,descrizione non da persona,Ansaldo,società metalmeccanica italiana (1853-1993),Q290188,211013856
people_authority.json,"Aragona, Raffaele",,nessuna descrizione,Raffaele Aragona,,Q112425695,41978016
people_authority.json,Aretusa,,descrizione non da persona,Aretusa,ninfa nereide della mitologia greca,Q643456,153206030
people_authority.json,Argomenti,,non compare come persona nei dati; descrizione non da persona,Argomenti,"Academic journal published by Università degli Studi di Urbino Carlo Bo, covering the subjects: Social Sciences: Commerce: Business | Social Sciences: Economic theory. Demography: Economics as a science | Social Sciences: Social sciences",Q50814870,
people_authority.json,"Arpesani, Camillo",,nessuna descrizione,Camillo Arpesani,,Q124352792,
people_authority.json,Arte,,descrizione non da persona,arte,attività umana che porta a forme creative di espressione estetica,Q735,
people_authority.json,Association Guillaume Budé,,non compare come persona nei dati,Association Guillaume Budé,French learned society involved in classical studies,Q743204,136117158
people_authority.json,"Astolfi, Giovanni",,nessuna descrizione,Giovanni Astolfi,,Q133090893,1314155042731672400089
people_authority.json,"Augustinus, Aurelius (santo)",,etichetta Wikidata diversa dal nome,Agostino d'Ippona,"filosofo, vescovo, teologo e santo cristiano, berbero con cittadinanza romana",Q8018,66806872
people_authority.json,"Azzini, Enrico",,nessuna descrizione,Enrico Azzini,,Q133612390,222811651
people_authority.json,"Bailly, Auguste",,descrizione non da persona,Auguste Bailly,"filologo romanzo, scrittore, storico",Q15078859,22233252
people_authority.json,Ballo,,non compare come persona nei dati,ballo,festa danzante,Q478515,
people_authority.json,"Benuzzi Billeter, Manuela",,nessuna descrizione,Manuela Benuzzi Billeter,,Q139176877,72642946
people_authority.json,"Bernardi Guardi, Mario",,nessuna descrizione,Mario Bernardi Guardi,,Q113794947,47605391
people_authority.json,"Bernardini Napoletano, Francesca",,descrizione generica (possibile omonimo),Francesca Bernardini Napoletano,professore universitario,Q71134546,22221508
people_authority.json,"Bernini, Marco",,descrizione generica (possibile omonimo),Marco Bernini,researcher,Q87322715,
people_authority.json,Bertani,,descrizione non da persona,Bertani,cognome,Q21452542,
people_authority.json,"Bertoni, Federico",,nessuna descrizione,Federico Bertoni,,Q112437378,61696460
people_authority.json,"Bezzola, Guido",,descrizione generica (possibile omonimo),Guido Bezzola,professore universitario,Q93236224,88725442
people_authority.json,"Bisicchia, Andrea",,nessuna descrizione,Andrea Bisicchia,,Q112477009,2526281
people_authority.json,"Boerner, Wolfgang",,nessuna descrizione,Wolfgang Boerner,,Q95247939,758311
people_authority.json,"Bogani, Giovanni",,nessuna descrizione,Giovanni Bogani,,Q139197910,263039869
people_authority.json,Bompiani (casa editrice),,non compare come persona nei dati; descrizione non da persona,Bompiani,casa editrice italiana,Q3579256,151880538
people_authority.json,"Bon, Adriano",,etichetta Wikidata diversa dal nome,Hans Tuzzi,scrittore e saggista italiano (1952-),Q3783189,38070351
people_authority.json,"Bonci, Roberto",,descrizione generica (possibile omonimo),Roberto Bonciani,ricercatore,Q81374150,313565151
people_authority.json,"Borelli, Renato",,descrizione non da persona,Renato Borelli,scuola infanzia di Monterotondo in provincia di Roma (Italia) [codice scuola: RMAA884022],Q52788015,
people_authority.json,"Borrelli, Francesca",,nessuna descrizione,Francesca Borrelli,,Q139169930,7674749
people_authority.json,"Boselli, Mario",,nessuna descrizione,Mario Boselli,,Q131548107,
people_authority.json,"Botti, Francesco Paolo",,nessuna descrizione,Francesco Paolo Botti,,Q137114118,94000700
people_authority.json,"Bouchard, Norma",,nessuna descrizione,Norma Bouchard,,Q132981928,69111718
people_authority.json,"Branca, Stefano",,nessuna descrizione,Stefano Branca,,Q133630440,306364284
people_authority.json,"Bricchi, Mariarosa",,descrizione non da persona,Mariarosa Bricchi,filologa romanza e ricercatrice a tempo determinato presso l'Università di Pavia,Q111382613,117548571
people_authority.json,"Brockmeier, Peter",,nessuna descrizione,Peter Brockmeier,,Q95216018,22896751
people_authority.json,"Brullo, Davide",,nessuna descrizione,Davide Brullo,,Q113737359,7701153954931905680001
people_authority.json,"Burchiello (Domenico di Giovanni, detto il)",,non compare come persona nei dati,Domenico di Giovanni,poeta italiano,Q1058842,64097177
people_authority.json,C.,,etichetta Wikidata diversa dal nome,circa,"approssimatamente – da utilizzare con il qualificatore P1480 per indicare che il valore è stata indicato dalla fonte esplicitamente con valore approssimato (esempio ""nato attorno al 1709"")",Q5727902,
people_authority.json,"Cabau, Jacques",,nessuna descrizione,Jacques Cabau,,Q124310723,61542956
people_authority.json,"Calvin, Jean",,etichetta Wikidata diversa dal nome,Giovanni Calvino,umanista e teologo francese (1509-1564),Q37577,90631825
people_authority.json,"Cane, Eleonora",,nessuna descrizione,Eleonora Canepari,,Q122460338,188738919
people_authority.json,"Canova, Andrea",,nessuna descrizione,Andrea Canova,,Q26709931,86198892
people_authority.json,"Capati, Massimiliano",,nessuna descrizione,Massimiliano Capati,,Q139515960,19840985
people_authority.json,"Capone, Francesca",,descrizione generica (possibile omonimo),Francesca Capone,ricercatrice,Q63736791,
people_authority.json,Carabba (casa editrice),,non compare come persona nei dati; descrizione non da persona,Carabba,cognome,Q37564134,
people_authority.json,Carla,,descrizione non da persona,Carla,prenome femminile,Q5041018,
people_authority.json,"Carli, Alberto",,descrizione non da persona,Alberto Carli,ricercatore (1974-) di letteratura per l'infanzia presso l'Università degli studi del Molisse e conservatore della Collezione anatomica Paolo Gorini di Lodi dal 2000,Q61474256,81338331
people_authority.json,"Carmina, Claudia",,nessuna descrizione,Claudia Carmina,,Q133683393,54475486
people_authority.json,"Carnero, Roberto",,nessuna descrizione,Roberto Carnero,,Q116528197,
people_authority.json,"Carozzi, Ivan",,descrizione generica (possibile omonimo),Ivan Carozzi,autore,Q52834986,200149616540603750235
people_authority.json,"Casalino, Leonardo",,nessuna descrizione,Leonardo Casalino,,Q133636757,66623980
people_authority.json,Castelli (impresa costruzioni edilizie),,descrizione non da persona,Castelli,comune italiano,Q51433,131351422
people_authority.json,Castelli (impresa di costruzioni),,non compare come persona nei dati; descrizione non da persona,Castelli,comune italiano,Q51433,131351422
people_authority.json,"Castelnuovo Tedesco, Ugo",,nessuna descrizione,Ugo Castelnuovo-Tedesco,,Q98560851,315950730
people_authority.json,Ceretti,,descrizione non da persona,Ceretti,cognome,Q66685273,
people_authority.json,"Cervantes Saavedra, Miguel de",,non compare come persona nei dati,Miguel de Cervantes,"scrittore, romanziere, poeta, drammaturgo e militare spagnolo",Q5682,17220427
people_authority.json,"Chartrou, Josèphe",,nessuna descrizione,Josèphe Chartrou,,Q55587431,
people_authority.json,Cinquetti,,descrizione non da persona,Cinquetti,cognome,Q25125979,
people_authority.json,Circolo Filologico Milanese,,non compare come persona nei dati; nessuna descrizione,Circolo Filologico Milanese,,Q25399951,150378319
people_authority.json,"Clerico, Giovanni",,nessuna descrizione,Giovanni Clerico,,Q88870143,76541460
people_authority.json,Conenna,,descrizione non da persona,Conenna,cognome,Q37569111,
people_authority.json,"Conti, Ettore",,descrizione non da persona,Ettore Conti di Verampio,"ingegnere, politico, imprenditore e dirigente d'azienda italiano (1871-1972)",Q3733901,89553554
people_authority.json,"Cornelissen, Christian",,nessuna descrizione,Christian Cornelissen,,Q133072813,291137057
people_authority.json,Corriere della Sera,,non compare come persona nei dati; descrizione non da persona,Corriere della Sera,quotidiano italiano,Q309135,179878632
people_authority.json,"Croce, Mariano",,nessuna descrizione,Mariano Croce,,Q137142403,61887732
people_authority.json,Cya (casa editrice),,non compare come persona nei dati; etichetta Wikidata diversa dal nome,ciclosporina,farmaco,Q367700,
people_authority.json,"D'Angelo, Giacomo",,nessuna descrizione,Giacomo D'Angelo,,Q133681928,307417316
people_authority.json,"De Jorio Frisari, Giulio",,nessuna descrizione,Giulio De Jorio Frisari,,Q133602051,27247510
people_authority.json,"De Michelis, Ida",,descrizione generica (possibile omonimo),Ida De Michelis,ricercatore,Q79970801,
people_authority.json,"Delbecchi, Nanni",,nessuna descrizione,Nanni Delbecchi,,Q139364841,51484519
people_authority.json,"Descalzo, Giovanni",,nessuna descrizione,Giovanni Descalzo,,Q2648643,304914718
people_authority.json,"Descartes, René",,etichetta Wikidata diversa dal nome,Cartesio,filosofo e matematico francese (1596-1650),Q9191,41838958
people_authority.json,"Di Lauro, Raffaele",,nessuna descrizione,Raffaele Di Lauro,,Q133735339,24200576
people_authority.json,"Di Luzio, Aldo",,nessuna descrizione,Aldo Di Luzio,,Q95329835,33072337
people_authority.json,"Di Meo, Philippe",,nessuna descrizione,Philippe Di Meo,,Q22248336,266230330
people_authority.json,Dolcetta,,descrizione non da persona; etichetta Wikidata diversa dal nome,Songino,specie di pianta della famiglia Valerianaceae,Q158954,
people_authority.json,"Duclos, Adolphe",,nessuna descrizione,Adolphe Duclos,,Q94701428,69203524
people_authority.json,"D’Ors, Eugenio",,etichetta Wikidata diversa dal nome,Eugeni d'Ors,scrittore spagnolo,Q930679,59077528
people_authority.json,E.R.,,etichetta Wikidata diversa dal nome,E.R. - Medici in prima linea,serie televisiva statunitense (1994-2009),Q207375,177100293
people_authority.json,Emilio Manzotti,,nessuna descrizione,Emilio Manzotti,,Q112439055,94606061
people_authority.json,Esercito italiano,,non compare come persona nei dati,Esercito Italiano,forza armata italiana,Q796411,144819746
people_authority.json,"Esposito, Edoardo",,etichetta Wikidata diversa dal nome,Sespo,youtuber italiano,Q112133684,
people_authority.json,"Falaschi, Giovanni",,nessuna descrizione,Giovanni Falaschi,,Q112554610,54256177
people_authority.json,"Fasciolo, Marco",,nessuna descrizione,Marco Fasciolo,,Q139483189,
people_authority.json,"Favorini, Egiziaca",,nessuna descrizione,Egiziaca Favorini,,Q133429018,234167803141417771721
people_authority.json,Feltrinelli,,descrizione non da persona,Giangiacomo Feltrinelli Editore,casa editrice italiana,Q380568,168659212
people_authority.json,"Flora, Francesco",,etichetta Wikidata diversa dal nome,Frans Floris I,pittore fiammingo,Q543948,100955172
people_authority.json,"Forni, Giorgio",,nessuna descrizione,Giorgio Forni,,Q133225904,215811798
people_authority.json,"Fracassa, Ugo",,nessuna descrizione,Ugo Fracassa,,Q133597060,261954898
people_authority.json,"Fraccacreta, Alberto",,nessuna descrizione,Alberto Fraccacreta,,Q113846621,142152138557110980420
people_authority.json,"Francione, Fabio",,nessuna descrizione,Fabio Francione,,Q131775102,248881
people_authority.json,"Francucci, Federico",,nessuna descrizione,Federico Francucci,,Q133636042,138613054
people_authority.json,"Frank, N.",,descrizione generica (possibile omonimo),Norbert Frank,researcher,Q57085080,308725267
people_authority.json,"Fratnik, Marina",,nessuna descrizione,Marina Fratnik,,Q139224318,4495164423044620530000
people_authority.json,"Frullini, Andrea",,nessuna descrizione,Andrea Frullini,,Q113769737,27280615
people_authority.json,"Frýbort,  Zdeněk",,non compare come persona nei dati; nessuna descrizione,Zdeněk Frýbort,,Q22915780,83713435
people_authority.json,"Férault, Dominique",,nessuna descrizione,Dominique Férault,,Q139451459,
people_authority.json,G.L.,,etichetta Wikidata diversa dal nome,G.L.,visual artist,Q125913444,
people_authority.json,Gadda,,non compare come persona nei dati; descrizione non da persona,Gadda,cognome,Q55087761,
people_authority.json,"Gaetani, Marco",,descrizione generica (possibile omonimo),Marco Gaetani,researcher,Q57904892,
people_authority.json,"Gallarini, Luca",,nessuna descrizione,Luca Gallarini,,Q133662756,17152930922409672091
people_authority.json,"Galofaro, Francesco",,nessuna descrizione,Francesco Galofaro,,Q113814398,88515677
people_authority.json,Garzanti (casa editrice),,non compare come persona nei dati; descrizione non da persona,Garzanti,casa editrice italiana,Q3758568,148937343
people_authority.json,"Gavagnin, Gabriella",,nessuna descrizione,Gabriella Gavagnin,,Q93370516,20877697
people_authority.json,Gazzetta del Popolo,,non compare come persona nei dati; descrizione non da persona,Gazzetta del Popolo,quotidiano italiano fondato a Torino,Q3759098,154976259
people_authority.json,"Gentile Vitale, Juan Carlos",,non compare come persona nei dati; nessuna descrizione,Juan Carlos Gentile Vitale,,Q139066977,21795790
people_authority.json,"Gersbach, Markus",,nessuna descrizione,Markus Gersbach,,Q139174848,42802070
people_authority.json,"Giannantonio, Pompeo",,descrizione non da persona,Pompeo Giannantonio,"professore universitario, storico della letteratura, filologo romanzo italiano",Q20172034,19689923
people_authority.json,"Ginzberg, Siegmund",,nessuna descrizione,Siegmund Ginzberg,,Q132974274,33150941
people_authority.json,"Giuffrida, Milena",,nessuna descrizione,Milena Giuffrida,,Q132059011,
people_authority.json,Giuseppe Massimo,,descrizione generica (possibile omonimo),Giuseppe Massimo Vacca,ricercatore,Q80615802,
people_authority.json,"Giussani, Camillo",,descrizione non da persona,Camillo Giussani,"avvocato, dirigente d'azienda e latinista italiano (1879-1960)",Q62626581,5688379
people_authority.json,"Graf, Hansjörg",,nessuna descrizione,Hansjörg Graf,,Q108811061,64493670
people_authority.json,Guanda (casa editrice),,descrizione non da persona,Guanda,casa editrice italiana,Q3778179,
people_authority.json,Guarnieri (famiglia),,descrizione non da persona,Guarnieri,cognome,Q21450889,
people_authority.json,"Guasta, Eugenio",,nessuna descrizione,Eugenio Guasta,,Q139067173,36547021
people_authority.json,"Guerricchio, Rita",,nessuna descrizione,Rita Guerricchio,,Q133658623,93387229
people_authority.json,"Góngora y Argote, Luis de",,non compare come persona nei dati,Luis de Góngora,"religioso, poeta e drammaturgo spagnolo",Q219744,12309145
people_authority.json,"Hainsworth, Peter",,nessuna descrizione,Peter Hainsworth,,Q133618287,34471438
people_authority.json,"Herland, Louis",,nessuna descrizione,Louis Herland,,Q131468459,55568786
people_authority.json,Hoepli (casa editrice),,descrizione non da persona,Hoepli,casa editrice italiana,Q3786216,128560002
people_authority.json,"Huizinga, Johan",,descrizione generica (possibile omonimo),Johan Huizinga,professore universitario,Q276280,66468881
people_authority.json,Il Piccolo,,non compare come persona nei dati; descrizione non da persona,Il Piccolo,quotidiano locale di Trieste,Q1658246,
people_authority.json,Il Popolo d'Italia,,descrizione non da persona,Il Popolo d'Italia,quotidiano italiano fondato da Benito Mussolini,Q1658254,
people_authority.json,"Iuppa, Daniela",,nessuna descrizione,Daniela Iuppa,,Q113801914,295415729
people_authority.json,"Ivanisevic, Drago",,nessuna descrizione,Drago Ivanišević,,Q12630077,55088639
people_authority.json,"Jean Paul (Richter, Johann Paul Friedrich)",,non compare come persona nei dati,Jean Paul,scrittore e pedagogista tedesco,Q77079,64011067
people_authority.json,"Kapp, Volker",,descrizione non da persona,Volker Kapp,"studioso di letteratura, filologo romanzo, professore universitario, letterato (1940-)",Q55624275,94776622
people_authority.json,Ketty,,descrizione non da persona,Ketty,prenome femminile,Q19968543,
people_authority.json,"Kleinhans, Martha",,nessuna descrizione,Martha Kleinhans,,Q113769666,32109744
people_authority.json,"Kuby, Erich",,descrizione non da persona,Erich Kuby,German journalist and publisher (1910-2005),Q1352648,110593148
people_authority.json,Kupfer (casa editrice),,non compare come persona nei dati; descrizione non da persona,Kupfer,cognome,Q36911091,
people_authority.json,L'Ambrosiano,,non compare come persona nei dati; descrizione non da persona,L'Ambrosiano,Italian daily newspaper,Q3817896,
people_authority.json,L'Approdo Letterario,,descrizione non da persona,L'Approdo letterario,rivista trimestrale italiana di letteratura,Q3817919,
people_authority.json,La  Nazione,,non compare come persona nei dati; descrizione non da persona,La Nazione,quotidiano locale di Firenze,Q911585,
people_authority.json,La Ruota,,non compare come persona nei dati; descrizione non da persona,La ruota,episodio della quarta stagione di American Horror Story,Q18636504,
people_authority.json,"Lanson, Gustave",,descrizione non da persona,Gustave Lanson,"storico della letteratura, pedagogista, scrittore, professore, critico letterario, storico dell'arte, filologo romanzo francese (1857-1934)",Q733188,4991227
people_authority.json,"Le Bas, Philippe",,descrizione non da persona,Philippe Le Bas,"archeologo (1794 - 1860), socio dell'Accademia delle scienze di Torino dal 1848",Q325144,39459095
people_authority.json,Le Monnier (casa editrice),,non compare come persona nei dati; descrizione non da persona,Le Monnier,cratere lunare,Q834286,
people_authority.json,"Leri, Clara",,nessuna descrizione,Clara Leri,,Q93230837,17271281
people_authority.json,"Liberati, Arnaldo",,nessuna descrizione,Arnaldo Liberati,,Q133621925,26146573735438100534
people_authority.json,Lloyd Sabaudo,,non compare come persona nei dati; descrizione non da persona,Lloyd Sabaudo,business,Q2878113,148220508
people_authority.json,"Lo Marco, Lucia",,nessuna descrizione,Lucia Lo Marco,,Q133683743,307509213
people_authority.json,"Lombardi, Lidia",,descrizione generica (possibile omonimo),Lidia Lombardi,researcher,Q56982208,
people_authority.json,"Lorenzini, Niva",,descrizione non da persona,Niva Lorenzini,"italianista italiana (1945-), professore ordinario di Poesia italiana del Novecento e Letteratura italiana contemporanea presso l'Università di Bologna",Q133187559,17240414
people_authority.json,"Lucchini ,Guido",,non compare come persona nei dati,Guido Lucchini,critico letterario italiano (1950-),Q113989682,39452090
people_authority.json,"Lucente, Gregory L.",,descrizione non da persona,Gregory L. Lucente,"filologo romanzo, professore universitario",Q1545362,49238462
people_authority.json,"Maconi, Ludovica",,nessuna descrizione,Ludovica Maconi,,Q133666598,160377594
people_authority.json,"Maculotti, Giancarlo",,nessuna descrizione,Giancarlo Maculotti,,Q133677463,212997315
people_authority.json,"Magnino, Bianca",,nessuna descrizione,Bianca Magnino,,Q93252124,235370565
people_authority.json,"Mancini, Giancarlo",,nessuna descrizione,Giancarlo Mancini,,Q131776634,35654909
people_authority.json,"Mancuso, Mariarosa",,nessuna descrizione,Mariarosa Mancuso,,Q19357783,
people_authority.json,"Mantovani, Mattia",,nessuna descrizione,Mattia Mantovani,,Q113753538,6610159248291104870009
people_authority.json,"Manzotti, Emilio",,nessuna descrizione,Emilio Manzotti,,Q112439055,94606061
people_authority.json,"Marchesini, Matteo",,descrizione generica (possibile omonimo),Matteo Marchesini,researcher,Q41191983,
people_authority.json,"Marchetti, Giuseppe",,etichetta Wikidata diversa dal nome,Josef Marchet,scrittore italiano (1902-1966),Q3397447,27057351
people_authority.json,"Marchi, Gian Paolo",,descrizione non da persona,Gian Paolo Marchi,filologo romanzo italiano,Q95268389,41882912
people_authority.json,Marcus Aurelius Antoninus,,etichetta Wikidata diversa dal nome,Marco Aurelio,"sedicesimo imperatore romano (r. 161-180), filosofo e scrittore",Q1430,102895066
people_authority.json,"Mariani, Chiara",,nessuna descrizione,Chiara Mariani,,Q108630303,
people_authority.json,Mariarosa Bricchi,,descrizione non da persona,Mariarosa Bricchi,filologa romanza e ricercatrice a tempo determinato presso l'Università di Pavia,Q111382613,117548571
people_authority.json,"Marinelli, Giuseppe",,descrizione generica (possibile omonimo),Giuseppe Marinelli,researcher,Q57312876,
people_authority.json,"Marsi, Simone",,nessuna descrizione,Simone Marsi,,Q133620037,33146634546241932784
people_authority.json,"Martinelli, Carlo",,descrizione non da persona,Carlo Martinelli,Italian film director and screenwriter,Q1042275,
people_authority.json,"Martinelli, Donatella",,nessuna descrizione,Donatella Martinelli,,Q118402558,12443710
people_authority.json,"Mastropasqua, Aldo",,nessuna descrizione,Aldo Mastropasqua,,Q133604990,50768944
people_authority.json,"Maugeri, Marco",,descrizione generica (possibile omonimo),Marco Maugeri,ricercatore,Q84281691,
people_authority.json,"Mauri, C",,etichetta Wikidata diversa dal nome,C Mauritius,"hotel in Quatre Cocos, Mauritius",Q111150810,
people_authority.json,"Mazza Galanti, Carlo",,nessuna descrizione,Carlo Mazza Galanti,,Q133586987,232137252
people_authority.json,"Meda, Ambra",,nessuna descrizione,Ambra Meda,,Q112490317,56928993
people_authority.json,medievale,,descrizione non da persona; etichetta Wikidata diversa dal nome,Medievales,rivista scientifica,Q3332702,
people_authority.json,"Melilli, Massimiliano",,nessuna descrizione,Massimiliano Melilli,,Q139063096,69146162
people_authority.json,"Meucci, Carlo",,nessuna descrizione,Carlo Meucci,,Q115540959,
people_authority.json,"Milani, Filippo",,nessuna descrizione,Filippo Milani,,Q133607129,315997297
people_authority.json,"Mileschi, Christophe",,nessuna descrizione,Christophe Mileschi,,Q88871650,73988056
people_authority.json,Mississippi River Power Company,,descrizione non da persona,Mississippi River Power Company,business,Q117157470,129444392
people_authority.json,"Moca, Matteo",,nessuna descrizione,Matteo Moca,,Q133654516,6151533658502770609
people_authority.json,"Molinaroli, Mauro",,nessuna descrizione,Mauro Molinaroli,,Q131776952,23949162
people_authority.json,"Monaco, Domenico",,descrizione non da persona,Domenico Monaco,"Ph.D. Scuola Internazionale Superiore di Studi Avanzati, Trieste 2015",Q102436599,
people_authority.json,"Monsaingeon, Guillaume",,nessuna descrizione,Guillaume Monsaingeon,,Q133744658,36942240
people_authority.json,Montale Eugenio,,descrizione non da persona,Montale Eugenio,scuola primo grado di Roma in provincia di Roma (Italia) [codice scuola: RMMM82201T],Q52896170,
people_authority.json,"More, Thomas",,etichetta Wikidata diversa dal nome,Tommaso Moro,"umanista, scrittore e politico inglese",Q42544,29541174
people_authority.json,N.G.,,etichetta Wikidata diversa dal nome,Neville Grant Walsh,botanico australiano,Q6041421,18877199
people_authority.json,Neri Pozza,,non compare come persona nei dati,Neri Pozza,"partigiano, scrittore e editore italiano (1912-1988)",Q3874750,49241917
people_authority.json,Neri Pozza editore,,descrizione non da persona,Neri Pozza Editore,casa editrice italiana,Q60431205,144255365
people_authority.json,"Nicassio, Francesco",,descrizione generica (possibile omonimo),Francesco Nicassio,researcher,Q56850310,
people_authority.json,"Nicol , Gabriele",,non compare come persona nei dati,Gabriele Nicola Tontoli,vescovo cattolico italiano,Q68911569,358456
people_authority.json,Nuova Antologia,,non compare come persona nei dati; descrizione non da persona,Nuova Antologia,"periodico trimestrale di lettere, scienze ed arti",Q3879763,183887949
people_authority.json,Officine Meccaniche Stigler,,nessuna descrizione,Officine meccaniche Stigler,,Q16583618,2320145857039722921198
people_authority.json,"Onelli, Onello",,nessuna descrizione,Onello Onelli,,Q139016410,27990591
people_authority.json,"Ostrogorsky, Georg",,etichetta Wikidata diversa dal nome,Georgij Aleksandrovič Ostrogorskij,storico russo-jugoslavo,Q311461,61550369
people_authority.json,Ottorina,,descrizione non da persona,Ottorina,prenome femminile,Q124352794,
people_authority.json,"Papini, Maria Carla",,nessuna descrizione,Maria Carla Papini,,Q139191696,7402801
people_authority.json,"Parrella, Michele",,nessuna descrizione,Michele Parrella,,Q133626377,65723086
people_authority.json,"Pasanisi, Francesco Maria",,descrizione non da persona,Francesco Maria Pasanisi,"geografo, letterato, fondatore della ""Rivista geografica italiana"", editore della rivista ""Cultura"", impiegato al Ministero degli Esteri",Q94841630,52432371
people_authority.json,"Peillex, Georges",,nessuna descrizione,Georges Peillex,,Q139461282,
people_authority.json,"Perolino, Ugo",,nessuna descrizione,Ugo Perolino,,Q137151706,1736467
people_authority.json,"Perrone, Domenica",,nessuna descrizione,Domenica Perrone,,Q139039122,22211905
people_authority.json,"Perugi, Silvia",,descrizione generica (possibile omonimo),silvia bernardi,researcher,Q57828818,
people_authority.json,"Pestarino, Rossano",,nessuna descrizione,Rossano Pestarino,,Q133642291,27394459
people_authority.json,"Petit, Juan",,nessuna descrizione,Joan Petit i Montserrat,,Q27890529,67481384
people_authority.json,"Policastro, Gilda",,nessuna descrizione,Gilda Policastro,,Q139451345,
people_authority.json,"Pozzi, Gianni",,descrizione generica (possibile omonimo),Gianni Pozzi,researcher,Q56721702,117071372
people_authority.json,"Prat, Michel",,descrizione generica (possibile omonimo),Michel Prat,researcher,Q118141007,17439152
people_authority.json,"Pucci, Piero",,descrizione generica (possibile omonimo),Piero Pucci,researcher,Q125299484,
people_authority.json,"Quevedo y Villegas, Francisco Gómez de",,non compare come persona nei dati,Francisco de Quevedo,scrittore e poeta spagnolo,Q201315,56604566
people_authority.json,"Rabier, Elie",,nessuna descrizione,Élie Rabier,,Q97066193,32045434
people_authority.json,"Ranieri, Daniela",,nessuna descrizione,Daniela Ranieri,,Q124567272,294489297
people_authority.json,Real Academia española,,descrizione non da persona,Real Academia Española,istituzione pubblica che norma la lingua spagnola,Q11993457,124063616
people_authority.json,"Rebaudengo, Maurizio",,descrizione generica (possibile omonimo),Maurizio Rebaudengo,researcher,Q58999130,605165272136910690002
people_authority.json,"Reimann, Daniel",,descrizione generica (possibile omonimo),Daniel Reimann,researcher,Q104067370,12587794
people_authority.json,"Ribatti, Nicola",,nessuna descrizione,Nicola Ribatti,,Q130830195,160146937740113830372
people_authority.json,"Ricci, Andrea",,descrizione generica (possibile omonimo),Andrea Ricci,researcher,Q62756360,
people_authority.json,"Ricci, Roberta",,nessuna descrizione,Roberta Ricci,,Q113842341,170374740
people_authority.json,Rigamonti,,descrizione non da persona,Rigamonti,cognome,Q56540466,
people_authority.json,"Righi, Stefania",,descrizione generica (possibile omonimo),Stefania Righi,researcher,Q47424991,
people_authority.json,"Rivelli, Francesco",,nessuna descrizione,Francesco Rivelli,,Q140792925,
people_authority.json,Rivista di cultura classica,,descrizione non da persona,Rivista di cultura classica e medioevale,academic journal,Q15756651,
people_authority.json,Rizzoli (casa editrice),,descrizione non da persona,Rizzoli Libri,casa editrice italiana,Q56777493,
people_authority.json,Rogeno (Comune),,descrizione non da persona,Rogeno,comune italiano,Q42893,
people_authority.json,"Ronchi, Mario",,etichetta Wikidata diversa dal nome,Manrico Ronchiato,ciclista su strada italiano,Q16751290,
people_authority.json,Rosa Letizia,,descrizione generica (possibile omonimo),Rosa Letizia,researcher,Q57626833,
people_authority.json,Rossato,,non compare come persona nei dati; descrizione non da persona,Rossato,cognome,Q36974092,
people_authority.json,"Rossi, Gilberto",,descrizione non da persona,Gilberto Rossi,film maker (active in 1918),Q66440291,
people_authority.json,"Rüssel, Herbert Werner",,descrizione generica (possibile omonimo),Herbert Werner Rüssel,autore,Q28740079,74287289
people_authority.json,S.A.,,descrizione non da persona; etichetta Wikidata diversa dal nome,società anonima,tipo di società di capitali presente in vari ordinamenti,Q166280,
people_authority.json,"Salas Barbadillo, Alonso Jeronimo de",,non compare come persona nei dati,Alonso Jerónimo de Salas Barbadillo,scrittore spagnolo,Q3893270,54167705
people_authority.json,Samson,,descrizione non da persona,Samson,prenome maschile,Q2217694,
people_authority.json,"Sanchez Canton, Francisco Javier",,non compare come persona nei dati,Francisco Javier Sánchez Cantón,storico spagnolo,Q3327107,71631480
people_authority.json,"Santangelo, Paolo Ettore",,nessuna descrizione,Paolo Ettore Santangelo,,Q106652465,89384290
people_authority.json,Santi Piero (1912-1990),,non compare come persona nei dati,chiesa dei Santi Piero e Giorgio,chiesa di Piovà Massaia,Q30307383,
people_authority.json,"Santi, Mara",,nessuna descrizione,Mara Santi,,Q55232700,56356718
people_authority.json,"Santovetti, Olivia",,nessuna descrizione,Olivia Santovetti,,Q132977991,33194442
people_authority.json,"Savio, Davide",,nessuna descrizione,Davide Savio,,Q133583227,297655866
people_authority.json,"Sayhi-Périgot, Béatrice",,nessuna descrizione,Béatrice Périgot,,Q42529268,12343485
people_authority.json,"Schiarini, Pompilio",,nessuna descrizione,Pompilio Schiarini,,Q97064124,21922512
people_authority.json,Scipione (Gino Bonichi),,descrizione non da persona,Scipione,prenome maschile,Q19660801,
people_authority.json,Siemens,,descrizione non da persona,Siemens,azienda tedesca,Q81230,156622677
people_authority.json,"Silvestri, Andrea",,descrizione generica (possibile omonimo),Andrea Silvestri,professore universitario,Q125908004,91984721
people_authority.json,Società Elettrica Sarda,,descrizione non da persona,Società Elettrica Sarda,business,Q110878642,156133944
people_authority.json,Solaria,,non compare come persona nei dati; descrizione non da persona,Solaria,genus of plants,Q931930,
people_authority.json,Sperling,,non compare come persona nei dati; descrizione non da persona,Sperling,cognome,Q21509475,
people_authority.json,"Stefanelli, Luca",,nessuna descrizione,Luca Stefanelli,,Q133601598,177324532
people_authority.json,Stella,,descrizione non da persona,stella,corpo celeste che brilla di luce propria,Q523,
people_authority.json,"Tinto, Edoardo",,descrizione generica (possibile omonimo),Edoardo Tinto,researcher,Q131109282,
people_authority.json,Unione nazionale ufficiali in congedo d’Italia,,nessuna descrizione,Unione Nazionale Ufficiali in Congedo d'Italia,,Q4004913,
people_authority.json,Università Cattolica del Sacro Cuore,,descrizione non da persona,Università Cattolica del Sacro Cuore,università privata di Milano,Q229022,123731682
people_authority.json,Università degli Studi di Milano,,descrizione non da persona,Università degli Studi di Milano,università pubblica di Milano,Q46210,267985834
people_authority.json,Università degli studi di Milano,,non compare come persona nei dati; descrizione non da persona,Università degli Studi di Milano,università pubblica di Milano,Q46210,267985834
people_authority.json,Vallecchi (casa editrice),,non compare come persona nei dati; descrizione non da persona,Vallecchi,casa editrice italiana,Q4008202,125232616
people_authority.json,Valverde,,descrizione non da persona,Valverde,comune spagnolo,Q1853429,316741679
people_authority.json,Vaselli,,descrizione non da persona,Vaselli,cognome,Q99982005,
people_authority.json,"Verbaro, Caterina",,nessuna descrizione,Caterina Verbaro,,Q133735990,14804756
people_authority.json,"Vianello, Daniele",,nessuna descrizione,Daniele Vianello,,Q112563216,32290989
people_authority.json,"Viani, Rolando",,nessuna descrizione,Rolando Viani,,Q109858627,63898335
people_authority.json,"Vilches, Patricia",,nessuna descrizione,Patricia Vilches,,Q112410759,20009012
people_authority.json,"Villari, Pasquale",,descrizione non da persona,Pasquale Villari,"storico e politico italiano, terzo direttore della Scuola Normale Superiore di Pisa (1827-1917)",Q549208,66481758
people_authority.json,"Vio, Marta",,nessuna descrizione,Marta Viola,,Q85966356,
people_authority.json,Vitagliano (casa editrice),,descrizione non da persona,Vitagliano,cognome,Q36861118,
people_authority.json,"Viti, Carlo",,descrizione generica (possibile omonimo),Carlo Viti,researcher,Q42886727,
people_authority.json,"Wain, John",,descrizione generica (possibile omonimo),John Wain,ricercatore,Q37611197,
people_authority.json,"Westerwelle, Karin",,nessuna descrizione,Karin Westerwelle,,Q113776826,12532622
people_authority.json,"Wieser, Dagmar",,nessuna descrizione,Dagmar Wieser,,Q133301893,
people_authority.json,Yorick (Laurence Sterne),,descrizione non da persona,Yorick,personaggio dell'Amleto di William Shakespeare,Q1650633,
people_authority.json,Zampieri,,non compare come persona nei dati; descrizione non da persona,Zampieri,cognome,Q37303698,
people_authority.json,"Zerilli Marimò, Guido",,nessuna descrizione,Guido Zerilli-Marimò,,Q59245551,67970759
people_authority.json,"Zunino, Pier Giorgio",,descrizione non da persona,Pier Giorgio Zunino,"professore di Storia Contemporanea nell'Università di Torino (1946 - 2025 ), socio dell'Accademia delle Scienze di Torino dal 2006",Q93251206,199319939
people_authority.json,“Emilia”,,etichetta Wikidata diversa dal nome,Amanah,ex traghetto,Q3724239,
venues_authority.json,Accademia,editore,descrizione non da rivista/editore,accademia,istituzione destinata agli studi e all'approfondimento delle conoscenze di più alto livello,Q162633,
venues_authority.json,Accademia della Crusca,editore,descrizione non da rivista/editore,Accademia della Crusca,istituzione per lo studio della lingua italiana fondata a Firenze nel 1583,Q338489,143077072
venues_authority.json,Adige,rivista,descrizione non da rivista/editore,Adige,fiume italiano,Q13696,233668530
venues_authority.json,AEI,rivista+editore,descrizione non da rivista/editore; etichetta Wikidata diversa dal nome,American Enterprise Institute,American conservative think tank founded in 1938,Q464135,128564449
venues_authority.json,Aequa,editore,etichetta Wikidata diversa dal nome,Asociación Española para el Estudio del Cuaternario,Spanish scientific society,Q5708690,130854455
venues_authority.json,Albatross,editore,descrizione non da rivista/editore; etichetta Wikidata diversa dal nome,Diomedeidae,famiglia di uccelli,Q55805,
venues_authority.json,Alberghetti,editore,descrizione non da rivista/editore,Alberghetti,cognome,Q15727224,
venues_authority.json,Albert Meynier,editore,nessuna descrizione,Albert Meynier,,Q136459227,
venues_authority.json,Albertari,editore,descrizione non da rivista/editore,Albertari,cognome,Q124395682,
venues_authority.json,Alfieri,editore,descrizione non da rivista/editore,Vittorio Alfieri,nobile e letterato italiano (1749-1803),Q296244,39389587
venues_authority.json,Alfieri & Lacroix,editore,descrizione non da rivista/editore,Alfieri & Lacroix,fotografo,Q102281424,
venues_authority.json,Alibi,rivista,descrizione non da rivista/editore,alibi,forma di difesa utilizzata nel procedimento penale,Q468947,
venues_authority.json,Allegoria,rivista,descrizione non da rivista/editore,allegoria,figura retorica,Q18535,
venues_authority.json,Alpes,editore,descrizione non da rivista/editore,Alpes,French experimental rock band,Q63344166,155077728
venues_authority.json,Alpha Centauri,editore,descrizione non da rivista/editore,Alfa Centauri,sistema stellare triplo nella costellazione del Centauro,Q12176,138327546
venues_authority.json,Alto Adige,rivista,descrizione non da rivista/editore; etichetta Wikidata diversa dal nome,provincia autonoma di Bolzano,"provincia autonoma italiana, nella regione del Trentino-Alto Adige",Q15124,149551740
venues_authority.json,Amilcare Pizzi,editore,descrizione non da rivista/editore,Amilcare Pizzi,imprenditore e calciatore italiano (1891-1974),Q3614318,
venues_authority.json,Andreini,editore,descrizione non da rivista/editore,Andreini,cognome,Q51177560,
venues_authority.json,Anna,rivista,descrizione non da rivista/editore,Anna,madre della Vergine Maria,Q164294,120155150
venues_authority.json,Annali dell’Istituto Universitario Orientale,rivista,nessuna descrizione,Annali dell'Istituto universitario orientale di Napoli. Sezione romanza,,Q106875591,
venues_authority.json,Annali manzoniani,rivista,nessuna descrizione,Annali Manzoniani,,Q108305125,
venues_authority.json,Ansa,rivista,descrizione non da rivista/editore,ANSA,agenzia di informazione multimediale italiana,Q392934,154806261
venues_authority.json,Antenore,editore,descrizione non da rivista/editore,Antenore,personaggio della mitologia greca,Q571969,18022636
venues_authority.json,Antinomie,rivista,descrizione non da rivista/editore,Antinomie,article in Otto's encyclopedia,Q23853534,
venues_authority.json,Antonelli,editore,descrizione non da rivista/editore,Antonelli,cognome,Q21504574,
venues_authority.json,Appunti romani di filologia,rivista,descrizione non da rivista/editore,Appunti romani di filologia,ISSN: 1129-3764,Q102481005,
venues_authority.json,Aracne,editore,descrizione non da rivista/editore,Aracne,personaggio della mitologia greca,Q190082,205157641039938221309
venues_authority.json,Aragno,editore,descrizione non da rivista/editore,Aragno,frazione del comune italiano di L'Aquila,Q2789256,
venues_authority.json,Arcadia,rivista,descrizione non da rivista/editore,Arcadia,unità periferica greca,Q170054,137280956
venues_authority.json,Archinto,editore,descrizione non da rivista/editore,Archinto,cognome,Q21502348,
venues_authority.json,Area,rivista,descrizione non da rivista/editore,area,misura dell'estensione di una superficie,Q11500,
venues_authority.json,Arezzo,editore,descrizione non da rivista/editore,Arezzo,"comune italiano, capoluogo dell'omonima provincia in Toscana",Q13378,226733401
venues_authority.json,Argalia,editore,descrizione non da rivista/editore,Argalìa,"personaggio dell'""Orlando innamorato"" di Matteo Maria Boiardo e dell'""Orlando furioso"" di Ludovico Ariosto",Q55317323,
venues_authority.json,Argalìa,editore,descrizione non da rivista/editore,Argalìa,"personaggio dell'""Orlando innamorato"" di Matteo Maria Boiardo e dell'""Orlando furioso"" di Ludovico Ariosto",Q55317323,
venues_authority.json,Ariani,editore,descrizione non da rivista/editore,Ariani,cognome,Q23009991,
venues_authority.json,Ariel,rivista,etichetta Wikidata diversa dal nome,Gabriele D'Annunzio,"scrittore, poeta, drammaturgo, militare, politico, giornalista e patriota italiano (1863-1938)",Q193236,49220129
venues_authority.json,Armando,editore,descrizione non da rivista/editore,Armando,prenome maschile,Q18177180,
venues_authority.json,Arnaud,editore,descrizione non da rivista/editore,Arnaud,prenome maschile,Q16154308,
venues_authority.json,Arte Sacra,rivista,descrizione non da rivista/editore,arte religiosa,arte che rappresenta tematiche religiose,Q2864737,
venues_authority.json,Astrolabio,editore,descrizione non da rivista/editore,astrolabio,"strumento astronomico a forma di disco o sfera con fili, ritagli o perforazioni che consente all'utente di calcolare con precisione le posizioni astronomiche",Q164992,
venues_authority.json,Atelier,rivista,descrizione non da rivista/editore,atelier,tipo di officina,Q746628,
venues_authority.json,Atelier National de Reproduction des Thèses,editore,nessuna descrizione,Atelier national de reproduction des thèses,,Q2868878,153291773
venues_authority.json,Athena,editore,descrizione non da rivista/editore; etichetta Wikidata diversa dal nome,Atena,"dea greca della sapienza, dell'ingegno, dell'artigianato e della guerra",Q37122,74643725
venues_authority.json,Atlantica,editore,descrizione non da rivista/editore,Atlantica,antico continente che si suppone si formò circa due miliardi di anni fa,Q756479,
venues_authority.json,Aurora,editore,descrizione non da rivista/editore,Aurora,città statunitense dell'Illinois,Q22595,150112235
venues_authority.json,Aut aut,rivista,descrizione non da rivista/editore,Aut-Aut,saggio di Søren Kierkegaard,Q1152009,174993703
venues_authority.json,aut aut,rivista,descrizione non da rivista/editore,Aut-Aut,saggio di Søren Kierkegaard,Q1152009,174993703
venues_authority.json,Autografo,rivista,descrizione non da rivista/editore,autografo,scritto eseguito di propria mano dall'autore del testo,Q9026959,
venues_authority.json,aux dépens de la Compagnie,editore,nessuna descrizione,Aux dépens de la Compagnie,,Q109481303,
venues_authority.json,Avanguardia,rivista,descrizione non da rivista/editore,avanguardia,fenomeni artistico-letterari del Novecento,Q102932,
venues_authority.json,Avanti,rivista+editore,descrizione non da rivista/editore,Avanti,partito politico in Belgio,Q939354,122397428
venues_authority.json,Avvenire,rivista,descrizione non da rivista/editore; etichetta Wikidata diversa dal nome,futuro,tempo che segue il presente,Q344,
venues_authority.json,Babcock & Wilcox,editore,descrizione non da rivista/editore,Babcock & Wilcox,American energy technology company,Q797609,124830508
venues_authority.json,Babel,rivista,descrizione non da rivista/editore,Babel,film del 2006 diretto da Alejandro González Iñárritu,Q191074,186291904
venues_authority.json,Bacchini,editore,descrizione non da rivista/editore,Bacchini,cognome,Q41791978,
venues_authority.json,Badiali,editore,descrizione non da rivista/editore,Badiali,cognome,Q36863057,
venues_authority.json,Barba,editore,descrizione non da rivista/editore,barba,insieme di peli che crescono sul volto,Q42804,
venues_authority.json,Barbera,editore,descrizione non da rivista/editore,Barbera,varietà di uva italiana,Q807812,
venues_authority.json,Barbèra,editore,descrizione non da rivista/editore,Barbera,varietà di uva italiana,Q807812,
venues_authority.json,Bardi,editore,descrizione non da rivista/editore,Bardi,comune italiano,Q100755,128301619
venues_authority.json,Barion,editore,descrizione non da rivista/editore,Barion,cognome,Q99980768,
venues_authority.json,Barna,editore,descrizione non da rivista/editore,Barna,prenome maschile,Q790544,
venues_authority.json,Baroni,editore,descrizione non da rivista/editore,Baroni,cognome,Q42964702,
venues_authority.json,Bastogi,editore,descrizione non da rivista/editore,Bastogi,cognome,Q55087597,
venues_authority.json,Bastoni,editore,descrizione non da rivista/editore,bastoni,seme dei tarocchi,Q2915745,
venues_authority.json,Belfagor,rivista,descrizione non da rivista/editore,Belfagor,divinità della mitologia semitica,Q816170,
venues_authority.json,Beltrami,editore,descrizione non da rivista/editore,Beltrami,"city in Minnesota, United States",Q2346711,146856181
venues_authority.json,Bemporad,editore,descrizione non da rivista/editore,Bemporad,cognome,Q101035038,
venues_authority.json,Benedetti,editore,descrizione non da rivista/editore,Benedetti,cognome,Q21492131,
venues_authority.json,Benton,editore,descrizione non da rivista/editore,Benton,comune statunitense dell'Arkansas,Q79374,131363042
venues_authority.json,Berg,editore,descrizione non da rivista/editore,Berg,comune della Norvegia,Q503912,
venues_authority.json,Berger,editore,descrizione non da rivista/editore,Berger,cognome,Q1260304,
venues_authority.json,Bernardone,editore,descrizione non da rivista/editore,Bernardone,cognome,Q117219962,
venues_authority.json,Bernardoni,editore,descrizione non da rivista/editore; etichetta Wikidata diversa dal nome,foglianti,congregazione monastica cattolica,Q1410147,265929342
venues_authority.json,Bertani,editore,descrizione non da rivista/editore,Bertani,cognome,Q21452542,
venues_authority.json,Bertieri e Vanzetti,editore,nessuna descrizione,Bertieri e Vanzetti,,Q122921443,
venues_authority.json,Bestetti,editore,descrizione non da rivista/editore,Bestetti,cognome,Q42949897,
venues_authority.json,Bettinelli,editore,descrizione non da rivista/editore,Bettinelli,cognome,Q21450824,
venues_authority.json,Bettoni,editore,descrizione non da rivista/editore,Bettoni,cognome,Q56537729,
venues_authority.json,Between,rivista,descrizione non da rivista/editore,Between,Georgia,Q2979089,
venues_authority.json,Bianchi,editore,descrizione non da rivista/editore; etichetta Wikidata diversa dal nome,bianco,classificazione razziale basata sul colore della pelle,Q235155,
venues_authority.json,Bietti,editore,descrizione non da rivista/editore,Bietti,cognome,Q110013733,
venues_authority.json,Blanchard,editore,descrizione non da rivista/editore,Blanchard,cognome,Q21500593,
venues_authority.json,Blitz,rivista,descrizione non da rivista/editore; etichetta Wikidata diversa dal nome,partita lampo,tipologia di gioco veloce negli scacchi,Q213972,
venues_authority.json,Blow up,rivista,descrizione non da rivista/editore,Blow-Up,film del 1966 diretto da Michelangelo Antonioni,Q658204,316751712
venues_authority.json,Bocca,editore,descrizione non da rivista/editore; etichetta Wikidata diversa dal nome,passo di montagna,passo attraverso un colle per attraversare una catena montuosa,Q133056,
venues_authority.json,Bonanno,editore,descrizione non da rivista/editore,Bonanno,famiglia mafiosa newyorkese,Q892085,
venues_authority.json,Borsi,editore,descrizione non da rivista/editore,Borsi,cognome,Q37209350,
venues_authority.json,Braun,editore,descrizione non da rivista/editore,Braun,azienda,Q631220,
venues_authority.json,Brescia Oggi,rivista,etichetta Wikidata diversa dal nome,Bresciaoggi,quotidiano locale di Brescia,Q3644337,
venues_authority.json,Brigati,editore,descrizione non da rivista/editore,Brigati,cognome,Q37522381,
venues_authority.json,Bruciati,editore,descrizione non da rivista/editore,Bruciati,episodio della terza stagione di Haven,Q4999630,
venues_authority.json,Buratti,editore,descrizione non da rivista/editore,Buratti,cognome,Q37487698,
venues_authority.json,Bædeker,editore,etichetta Wikidata diversa dal nome,Baedeker,casa editrice tedesca,Q639583,
venues_authority.json,C.M.M,editore,etichetta Wikidata diversa dal nome,Missionari di Mariannhill,istituto religioso della Chiesa Cattolica,Q1787455,210934991
venues_authority.json,Cadmo,editore,descrizione non da rivista/editore,Cadmo,personaggio della mitologia greca e mitico fondatore di Tebe,Q27613,42637019
venues_authority.json,Cahiers de l’Hôtel de Galliffet,rivista,nessuna descrizione,Cahiers de l'Hôtel de Galliffet,,Q2933123,
venues_authority.json,Cahiers d’études italiennes,rivista,nessuna descrizione,Cahiers d’études italiennes,,Q96699055,
venues_authority.json,Cailler,editore,descrizione non da rivista/editore,Cailler,cognome,Q76418293,
venues_authority.json,Cairoli,editore,descrizione non da rivista/editore,Cairoli,stazione della metropolitana di Milano,Q1087670,
venues_authority.json,Caissa,editore,descrizione non da rivista/editore,Caissa,goddess of chess,Q580309,
venues_authority.json,Camene,editore,descrizione non da rivista/editore,Camene,ninfe dell'antica religione romana,Q857144,
venues_authority.json,Campitelli,editore,descrizione non da rivista/editore,Campitelli,10º rione di Roma,Q1031342,
venues_authority.json,Campo di Marte,rivista,descrizione non da rivista/editore,Campo di Marte,"giardino pubblico di Parigi, Francia",Q217925,247838921
venues_authority.json,Cappelli,editore,descrizione non da rivista/editore,Cappelli,cognome,Q21482728,
venues_authority.json,Carabba,editore,descrizione non da rivista/editore,Carabba,cognome,Q37564134,
venues_authority.json,Carlino,rivista,descrizione non da rivista/editore,carlino,razza canina,Q38698,
venues_authority.json,Carlo Barbini,editore,nessuna descrizione,Carlo Barbini,,Q137000032,303219797
venues_authority.json,Carlo Martello,editore,descrizione non da rivista/editore,Carlo Martello,maestro di palazzo franco dal 714 al 741,Q3301,807219
venues_authority.json,Carmilla,rivista,descrizione non da rivista/editore,Carmilla,racconto di Sheridan Le Fanu,Q1043792,181290524
venues_authority.json,Carocci,editore,descrizione non da rivista/editore,Carocci,cognome,Q37312858,
venues_authority.json,Carrara,editore,descrizione non da rivista/editore,Carrara,"comune italiano, co-capoluogo della provincia di Massa-Carrara in Toscana",Q13372,166334343
venues_authority.json,Casati,editore,descrizione non da rivista/editore; etichetta Wikidata diversa dal nome,dinastia,sequenza di governanti membri della stessa famiglia,Q164950,
venues_authority.json,Casini,editore,descrizione non da rivista/editore,Casini,cognome,Q21450720,
venues_authority.json,Ca’ Giustinian,editore,descrizione non da rivista/editore,Ca' Giustinian,palazzo in Venezia,Q3649074,
venues_authority.json,Centro,rivista,descrizione non da rivista/editore,centro,ruolo della pallacanestro,Q222052,
venues_authority.json,Cerbone,editore,descrizione non da rivista/editore,Cerbone,cognome,Q5063920,
venues_authority.json,Cesati,editore,descrizione non da rivista/editore,Vincenzo Cesati,botanico italiano,Q2138005,59836833
venues_authority.json,Ceschina,editore,descrizione non da rivista/editore,Ceschina,cognome,Q101037230,
venues_authority.json,Charpentier,editore,descrizione non da rivista/editore,Charpentier,cognome,Q5309108,
venues_authority.json,Chiantore,editore,descrizione non da rivista/editore,Chiantore,cognome,Q99907186,
venues_authority.json,Chiurazzi,editore,descrizione non da rivista/editore,Chiurazzi,cognome,Q99944522,
venues_authority.json,Chroniques Italiennes,rivista,nessuna descrizione,Chroniques italiennes,,Q106858166,
venues_authority.json,Chroniques italiennes,rivista,nessuna descrizione,Chroniques italiennes,,Q106858166,
venues_authority.json,Chroniques italiennes (série web),rivista,nessuna descrizione,Chroniques italiennes,,Q106858166,
venues_authority.json,Cinema,rivista,descrizione non da rivista/editore,cinema,luogo pubblico destinato alla proiezione di opere cinematografiche,Q41253,
venues_authority.json,Circolo filologico milanese,editore,nessuna descrizione,Circolo Filologico Milanese,,Q25399951,150378319
venues_authority.json,Cisalpino,editore,descrizione non da rivista/editore,Cisalpino,transport company,Q371478,
venues_authority.json,Cittadino,rivista,descrizione non da rivista/editore,cittadino,persona fisica che detiene la cittadinanza di uno Stato,Q1020994,
venues_authority.json,Clausen,editore,descrizione non da rivista/editore,Clausen,cognome,Q21482987,
venues_authority.json,Cluny,editore,descrizione non da rivista/editore,Cluny,comune francese,Q192982,127382067
venues_authority.json,Coen,editore,descrizione non da rivista/editore,Coen,cognome,Q37444597,
venues_authority.json,Cogliati,editore,descrizione non da rivista/editore,Cogliati,cognome,Q100273711,
venues_authority.json,Cokitalia,editore,descrizione non da rivista/editore,Cokitalia,azienda,Q3682465,
venues_authority.json,Colin,editore,descrizione non da rivista/editore,Colin,prenome maschile,Q495635,
venues_authority.json,Colombo,editore,descrizione non da rivista/editore,Colombo,città dello Sri Lanka,Q35381,138381336
venues_authority.json,Comitato Nazionale per l’Energia Nucleare,editore,descrizione non da rivista/editore,Comitato Nazionale per l'Energia Nucleare,ente per la promozione dello sviluppo dell'energia nucleare per usi civili in Italia,Q3684423,
venues_authority.json,Comparatistica,rivista,nessuna descrizione,comparatistica,,Q17625876,
venues_authority.json,Comune di Firenze,editore,descrizione non da rivista/editore,Firenze,"comune italiano, capoluogo dell'omonima città metropolitana e della regione Toscana",Q2044,152981965
venues_authority.json,Congedo Editore,editore,nessuna descrizione,Congedo Editore,,Q3686813,125505610
venues_authority.json,Consociazione Turistica Italiana,editore,etichetta Wikidata diversa dal nome,Touring Club Italiano,editore e associazione di promozione turistica,Q1069349,151952602
venues_authority.json,Conte,editore,descrizione non da rivista/editore,conte,titolo della nobiltà esistente nei paesi europei,Q3519259,
venues_authority.json,Convivium,rivista,descrizione non da rivista/editore,Convivium,Norwegian musical group,Q11964078,
venues_authority.json,Cooperazione,rivista,descrizione non da rivista/editore,cooperazione,atto di operare in modo collettivo,Q380962,
venues_authority.json,Cordani,editore,descrizione non da rivista/editore,Cordani,cognome,Q36949431,
venues_authority.json,Corrente,editore,etichetta Wikidata diversa dal nome,scuola di pensiero,gruppo di persone che condividono la stessa visione riguardo a un problema o a un ambito accademico,Q1387659,
venues_authority.json,Corriere Di Como,rivista,nessuna descrizione,Corriere di Como,,Q3694514,909145857006122921064
venues_authority.json,Corriere di Como,rivista,nessuna descrizione,Corriere di Como,,Q3694514,909145857006122921064
venues_authority.json,Corréa,editore,descrizione non da rivista/editore,Correa,genus of plants,Q2493931,
venues_authority.json,Corticelli,editore,descrizione non da rivista/editore,Corticelli,cognome,Q99907423,
venues_authority.json,Cristallo,rivista,descrizione non da rivista/editore,cristallo,"struttura solida costituita da atomi, molecole o ioni aventi una disposizione geometricamente regolare",Q43533,
venues_authority.json,Critica del testo,rivista,descrizione non da rivista/editore,critica testuale,ramo della filologia,Q275456,
venues_authority.json,Critica Letteraria,rivista,descrizione non da rivista/editore,critica letteraria,critica della letteratura,Q58854,
venues_authority.json,Critica letteraria,rivista,descrizione non da rivista/editore,critica letteraria,critica della letteratura,Q58854,
venues_authority.json,Cronopio,editore,descrizione non da rivista/editore,Cronopio,genus of mammals (fossil),Q134994,
venues_authority.json,Crès,editore,descrizione non da rivista/editore,Le Crès,comune francese,Q1095121,
venues_authority.json,Cultura Latinoamericana,rivista,nessuna descrizione,Cultura Latinoamericana Revista de estudios interculturales,,Q96703909,
venues_authority.json,CUSL,editore,nessuna descrizione,CUSL,,Q19753423,
venues_authority.json,Cymba,editore,descrizione non da rivista/editore,Cymba,Ancient Greek small boat,Q135557963,
venues_authority.json,D'Anna,editore,descrizione non da rivista/editore,D'Anna,cognome,Q5203071,
venues_authority.json,Dall’Oglio,editore,descrizione non da rivista/editore; etichetta Wikidata diversa dal nome,Dall'Oglio,cognome,Q99907765,
venues_authority.json,Dante Alighieri,editore,descrizione non da rivista/editore,Dante Alighieri,"poeta, scrittore e politico fiorentino, considerato il padre della lingua italiana (1265-1321)",Q1067,97105654
venues_authority.json,De Carlo,editore,descrizione non da rivista/editore,De Carlo,cognome,Q17142971,
venues_authority.json,De Fonseca,editore,nessuna descrizione,De Fonseca,,Q3703961,
venues_authority.json,De Luca,editore,descrizione non da rivista/editore,De Luca,cognome,Q28886017,
venues_authority.json,De Rubeis,editore,descrizione non da rivista/editore,De Rubeis,cognome,Q100273938,
venues_authority.json,De Silva,editore,descrizione non da rivista/editore,de Silva,cognome,Q57773714,
venues_authority.json,Del Mastro,editore,descrizione non da rivista/editore,Del Mastro,cognome,Q66749779,
venues_authority.json,Delagrave,editore,descrizione non da rivista/editore,Delagrave,cognome,Q63396100,
venues_authority.json,Dell’Ara,editore,descrizione non da rivista/editore; etichetta Wikidata diversa dal nome,Dell'Ara,cognome italiano,Q108474293,
venues_authority.json,Dent,editore,descrizione non da rivista/editore,Dent,cognome,Q16869519,
venues_authority.json,Denti,editore,descrizione non da rivista/editore; etichetta Wikidata diversa dal nome,dente,organo anatomico calcificato presente in molte specie di vertebrati,Q553,
venues_authority.json,Desclée,editore,descrizione non da rivista/editore,Desclée,cognome,Q104828143,
venues_authority.json,Dessort,editore,descrizione non da rivista/editore,Dessort,cognome,Q106762781,
venues_authority.json,Didot,editore,descrizione non da rivista/editore,Didot,family of French printers,Q2298285,
venues_authority.json,Diederich,editore,descrizione non da rivista/editore,Diederich,cognome,Q21502049,
venues_authority.json,Documento,editore,descrizione non da rivista/editore,documento,qualsiasi cosa costituisca materiale d'informazione,Q49848,
venues_authority.json,Domani,rivista,descrizione non da rivista/editore,domani,giorno immediatamente successivo a oggi,Q1209716,
venues_authority.json,Domus,rivista+editore,descrizione non da rivista/editore,domus,tipo di abitazione utilizzata nell'antica Roma,Q782970,
venues_authority.json,Donath,editore,descrizione non da rivista/editore,Donath,cognome,Q21491155,
venues_authority.json,Donzelli,editore,descrizione non da rivista/editore,Donzelli,cognome,Q37506824,
venues_authority.json,Dunod,editore,descrizione non da rivista/editore,Dunod,cognome,Q104838007,
venues_authority.json,D’Anna,editore,descrizione non da rivista/editore; etichetta Wikidata diversa dal nome,D'Anna,cognome,Q5203071,
venues_authority.json,Ecdotica,rivista,descrizione non da rivista/editore,ecdotica,branca della filologia,Q3046919,
venues_authority.json,Edinburgh University,editore,etichetta Wikidata diversa dal nome,Università di Edimburgo,università scozzese,Q160302,126282670
venues_authority.json,Edizioni del Centro,editore,nessuna descrizione,Centro Camuno di Studi Preistorici,,Q3664693,139157796
venues_authority.json,Edizioni dell’Ateneo,editore,etichetta Wikidata diversa dal nome,Edizioni dell'Ateneo,casa editrice italiana,Q3719369,311377796
venues_authority.json,Edizioni dell’Orso,editore,etichetta Wikidata diversa dal nome,Edizioni dell'Orso,casa editrice italiana di testi universitari e accademici,Q3719370,130378538
venues_authority.json,Edizioni nuova cultura,editore,nessuna descrizione,Edizioni Nuova Cultura,,Q127868578,132705065
venues_authority.json,Egloff,editore,descrizione non da rivista/editore,Egloff,cognome,Q1298149,
venues_authority.json,Eidos,rivista,descrizione non da rivista/editore,Eidos,sostantivo greco antico,Q1068658,
venues_authority.json,Einaudi Scuola,editore,nessuna descrizione,Einaudi scuola,,Q19777936,
venues_authority.json,Ellisse,rivista,descrizione non da rivista/editore,ellisse,curva piana,Q40112,
venues_authority.json,Emilia,rivista,descrizione non da rivista/editore,Emilia,nome femminile,Q1495413,
venues_authority.json,Enciclopedia Britannica,editore,descrizione non da rivista/editore,Enciclopedia Britannica,enciclopedia generalista in lingua inglese,Q455,182582870
venues_authority.json,Episteme,rivista,descrizione non da rivista/editore,Episteme,conoscenza,Q1164521,
venues_authority.json,Epoca,rivista,descrizione non da rivista/editore,epoca,istante a cui sono riferite alcune coordinate celesti o alcuni elementi orbitali,Q2703,
venues_authority.json,ERTA,editore,descrizione non da rivista/editore,Erta,human settlement in Italy,Q18506279,
venues_authority.json,Esperia,editore,descrizione non da rivista/editore,Esperia,comune italiano,Q116819,244327345
venues_authority.json,Espresso,rivista,descrizione non da rivista/editore; etichetta Wikidata diversa dal nome,caffè,bevanda preparata per decozione a caldo di caffè torrefatto e macinato,Q8486,
venues_authority.json,Esquire,rivista,descrizione non da rivista/editore,Esquire,titolo nobiliare britannico,Q286449,
venues_authority.json,Estudios De Traducción,rivista,nessuna descrizione,Estudios de Traducción,,Q96699715,
venues_authority.json,ETS,editore,descrizione non da rivista/editore; etichetta Wikidata diversa dal nome,Fumo passivo,"inalazione involontaria di fumo di sigarette, sigari o pipe da parte di persone non fumatrici",Q259516,
venues_authority.json,Ets,editore,descrizione non da rivista/editore; etichetta Wikidata diversa dal nome,Fumo passivo,"inalazione involontaria di fumo di sigarette, sigari o pipe da parte di persone non fumatrici",Q259516,
venues_authority.json,Europa,rivista,descrizione non da rivista/editore,Europa,continente della Terra,Q46,170298814
venues_authority.json,Fabbri,editore,descrizione non da rivista/editore,Fabbri,cognome,Q21488361,
venues_authority.json,Facchi,editore,descrizione non da rivista/editore,Facchi,cognome,Q109310502,
venues_authority.json,Fanfani,editore,descrizione non da rivista/editore,Fanfani,cognome,Q55087740,
venues_authority.json,Fasquelle,editore,descrizione non da rivista/editore,Fasquelle,cognome,Q23782021,
venues_authority.json,Faure,editore,descrizione non da rivista/editore,Faure,cognome,Q21509802,
venues_authority.json,Fazi,editore,nessuna descrizione,Fazi,,Q9258256,
venues_authority.json,Federico,editore,descrizione non da rivista/editore,Federico,prenome maschile,Q17539144,
venues_authority.json,Felix Meiner,editore,nessuna descrizione,Felix Meiner,,Q55674850,276497525
venues_authority.json,Ferri,editore,descrizione non da rivista/editore,ferri,strumenti di base utilizzati per la realizzazione dei lavori a maglia,Q1440357,
venues_authority.json,Ferriani,editore,descrizione non da rivista/editore,Ferriani,cognome,Q55989844,
venues_authority.json,FIAT,editore,descrizione non da rivista/editore,Fiat,azienda automobilistica italiana,Q27597,
venues_authority.json,Fiera di Milano,editore,descrizione non da rivista/editore,Fiera di Milano,sistema fieristico della città e dell'area metropolitana di Milano,Q2524205,145494336
venues_authority.json,Film Tv,rivista,descrizione non da rivista/editore,film per la televisione,film prodotto per la televisione,Q506240,
venues_authority.json,Filologia italiana,rivista,descrizione non da rivista/editore,filologia italiana,filologia della lingue italiana e dei suoi testi,Q3745495,
venues_authority.json,Finzioni,rivista,descrizione non da rivista/editore,Finzioni,raccolta di racconti di Jorge Luis Borges,Q2483432,181013711
venues_authority.json,Firenze,editore,descrizione non da rivista/editore,Firenze,"comune italiano, capoluogo dell'omonima città metropolitana e della regione Toscana",Q2044,152981965
venues_authority.json,Fischbacher,editore,descrizione non da rivista/editore,Fischbacher,cognome,Q21452246,
venues_authority.json,Fischer,editore,descrizione non da rivista/editore,Fischer,cognome,Q11231408,
venues_authority.json,Foltzer,editore,descrizione non da rivista/editore,Foltzer,family name,Q131437314,
venues_authority.json,Fontana,editore,descrizione non da rivista/editore,fontana,opera architettonica che emette acqua,Q483453,
venues_authority.json,Formiggini,editore,descrizione non da rivista/editore,Formiggini,cognome,Q77068169,
venues_authority.json,Formìggini,editore,descrizione non da rivista/editore,Formiggini,cognome,Q77068169,
venues_authority.json,Francke,editore,descrizione non da rivista/editore,Francke,cognome,Q11969879,
venues_authority.json,Franco Angeli,editore,etichetta Wikidata diversa dal nome,FrancoAngeli,casa editrice italiana,Q3751097,124344146
venues_authority.json,Franco Cesati,editore,nessuna descrizione,Franco Cesati,,Q112379236,7557023
venues_authority.json,Francofonia,rivista,descrizione non da rivista/editore,Organizzazione internazionale della francofonia,organizzazione internazionale,Q134102,146363601
venues_authority.json,Frassinelli,editore,descrizione non da rivista/editore,Frassinelli,cognome,Q37453840,
venues_authority.json,Fravega,editore,descrizione non da rivista/editore,Frávega,Argentine electronics and appliance store,Q5401467,
venues_authority.json,Fussi,editore,descrizione non da rivista/editore,Fussi,cognome,Q130676808,
venues_authority.json,Galleria,rivista,descrizione non da rivista/editore,galleria,"perforazione del suolo approssimativamente orizzontale, che mette in comunicazione due luoghi",Q44377,
venues_authority.json,Gangemi,editore,descrizione non da rivista/editore,Gangemi,cognome,Q21488970,
venues_authority.json,Garnier,editore,descrizione non da rivista/editore,Garnier,cognome,Q16638644,
venues_authority.json,Garroni,editore,descrizione non da rivista/editore,Garroni,cognome,Q99909104,
venues_authority.json,Gaspari,editore,descrizione non da rivista/editore,Gaspari,cognome,Q21449733,
venues_authority.json,Gentile,editore,descrizione non da rivista/editore,Giovanni Gentile,filosofo e pedagogista italiano (1875-1944),Q312295,66486311
venues_authority.json,Giannini,editore,descrizione non da rivista/editore,Giannini,cognome,Q21449817,
venues_authority.json,Giardini,editore,descrizione non da rivista/editore; etichetta Wikidata diversa dal nome,giardino,spazio all'aperto riservato alle piante e alla coltivazione botanica,Q1107656,
venues_authority.json,Giorno,rivista,descrizione non da rivista/editore,giorno,unità di misura del tempo corrispondente alla durata della rotazione completa di un pianeta sul proprio asse,Q573,
venues_authority.json,Giovedì,rivista,descrizione non da rivista/editore,giovedì,giorno della settimana,Q129,
venues_authority.json,Giuntoli,editore,descrizione non da rivista/editore,Giuntoli,cognome,Q37559713,
venues_authority.json,GLM,editore,descrizione non da rivista/editore; etichetta Wikidata diversa dal nome,modello lineare generalizzato,class of statistical models,Q1501882,
venues_authority.json,Gnocchi,editore,descrizione non da rivista/editore,gnocchi,alimento costituito da piccoli pezzi di impasto,Q1854639,
venues_authority.json,Goldschmidt,editore,descrizione non da rivista/editore,Goldschmidt,cognome,Q21502372,
venues_authority.json,Gosselin,editore,descrizione non da rivista/editore,Gosselin,cognome,Q23797824,
venues_authority.json,Grafo,editore,descrizione non da rivista/editore,grafo,rappresentazione di un insieme di oggetti in cui alcune coppie di oggetti sono collegate,Q141488,
venues_authority.json,Grasset,editore,descrizione non da rivista/editore,Grasset,cognome,Q24538959,
venues_authority.json,Gribaudo,editore,descrizione non da rivista/editore,Gribaudo,cognome,Q60038330,
venues_authority.json,Grisolia,editore,descrizione non da rivista/editore,Grisolia,comune italiano,Q53885,
venues_authority.json,Guardamagna,editore,descrizione non da rivista/editore,Guardamagna,cognome,Q99945612,
venues_authority.json,Guerini,editore,descrizione non da rivista/editore,Guerini,cognome,Q21450125,
venues_authority.json,Guglielmini,editore,descrizione non da rivista/editore; etichetta Wikidata diversa dal nome,Pietro Carlo Guglielmi,compositore italiano,Q945430,37185082
venues_authority.json,Guida,editore,descrizione non da rivista/editore,guida,utilizzo di un veicolo,Q999646,
venues_authority.json,Guides Pol,editore,nessuna descrizione,Guides Pol,,Q19462112,
venues_authority.json,Heitz,editore,descrizione non da rivista/editore,Heitz,cognome,Q16870669,
venues_authority.json,Herder,editore,descrizione non da rivista/editore,Johann Gottfried Herder,filosofo tedesco,Q155547,95187266
venues_authority.json,Hernando,editore,descrizione non da rivista/editore,Hernando,comune statunitense del Mississippi,Q2273128,140769871
venues_authority.json,Hetzel,editore,descrizione non da rivista/editore,Hetzel,cognome,Q21501747,
venues_authority.json,Historia,rivista,descrizione non da rivista/editore,historia,casa produttrice di videogiochi giapponese,Q110920875,
venues_authority.json,Humanitas,rivista,descrizione non da rivista/editore,humanitas,valore etico,Q1260024,
venues_authority.json,IBN,editore,descrizione non da rivista/editore,Ibn,"Arabic patronymic, meaning ""son of""",Q836636,
venues_authority.json,Ibn,editore,descrizione non da rivista/editore,Ibn,"Arabic patronymic, meaning ""son of""",Q836636,
venues_authority.json,Idea,rivista,descrizione non da rivista/editore,idea,disegno mentale di qualcosa,Q131841,
venues_authority.json,Il Balcone,editore,descrizione non da rivista/editore,Il balcone,dipinto di Édouard Manet,Q775407,192614146
venues_authority.json,Il Cristallo,rivista,nessuna descrizione,IL CRISTALLO - rassegna di varia umanità (Centro di cultura dell'Alto Adige),,Q108440786,
venues_authority.json,Il Cubo,editore,descrizione non da rivista/editore,Cube - Il cubo,film del 1997 diretto da Vincenzo Natali,Q467840,
venues_authority.json,Il Fiore,editore,descrizione non da rivista/editore,Il Fiore,scuola infanzia di Bussolengo in provincia di Verona (Italia) [codice scuola: VRAA81304D],Q52896477,
venues_authority.json,Il Mondo,rivista+editore,descrizione non da rivista/editore,Il Mondo,carta dei tarocchi,Q2502635,
venues_authority.json,Il piccolo Hans,rivista,nessuna descrizione,Il piccolo Hans,,Q3795140,
venues_authority.json,Il Ponte,rivista,descrizione non da rivista/editore,Il ponte,film del 1959 diretto da Bernhard Wicki,Q509003,195849409
venues_authority.json,Il Roccolo,editore,descrizione non da rivista/editore,parco del Roccolo,parco locale di interesse sovracomunale della Lombardia,Q3405782,
venues_authority.json,Il Saggiatore,editore,descrizione non da rivista/editore,Il Saggiatore,trattato di Galileo Galilei,Q2566559,
venues_authority.json,Il saggiatore,editore,descrizione non da rivista/editore,Il Saggiatore,trattato di Galileo Galilei,Q2566559,
venues_authority.json,il Saggiatore,editore,descrizione non da rivista/editore,Il Saggiatore,trattato di Galileo Galilei,Q2566559,
venues_authority.json,Il T,rivista,etichetta Wikidata diversa dal nome,Il T Quotidiano,testata giornalistica del Trentino,Q124081064,
venues_authority.json,Il Tesoretto,rivista,descrizione non da rivista/editore,Il Tesoretto,poemetto di Brunetto Latini,Q3792977,217039625
venues_authority.json,Ilpost.It,rivista,etichetta Wikidata diversa dal nome,il Post,quotidiano online italiano,Q3792882,
venues_authority.json,Immaginazione,rivista,descrizione non da rivista/editore,immaginazione,capacità di rappresentarsi cose non presenti in atto alla sensazione,Q34516,
venues_authority.json,Inchiesta,rivista,descrizione non da rivista/editore,inchiesta,"procedimento investigativo teso alla scoperta della verità su un fatto accaduto, all'accertamento di come siano andate effettivamente le cose, ed all'individuazione di eventuali responsabili",Q21004260,
venues_authority.json,Indipendente,rivista,descrizione non da rivista/editore,indipendente,persona non affiliata a nessun partito politico,Q327591,
venues_authority.json,Interférences Littéraires,rivista,nessuna descrizione,Interférences littéraires - Literaire interferenties,,Q108300071,
venues_authority.json,Interlinea,editore,descrizione non da rivista/editore,interlinea,spaziatura fra le righe di un testo,Q1968967,
venues_authority.json,Internazionale,rivista,descrizione non da rivista/editore; etichetta Wikidata diversa dal nome,FC Inter,club calcistico italiano di Milano,Q631,12144648209701125775
venues_authority.json,Inventario,rivista,descrizione non da rivista/editore,inventario,"elenco di oggetti, documenti, beni, ecc. presenti in un determinato momento in un dato luogo",Q815410,
venues_authority.json,Ipl,editore,descrizione non da rivista/editore; etichetta Wikidata diversa dal nome,luce pulsata,tecnologia,Q1193171,
venues_authority.json,Iride,editore,descrizione non da rivista/editore,iride,componente dell'occhio,Q178748,
venues_authority.json,Isonzo,editore,descrizione non da rivista/editore,Isonzo,fiume italo-sloveno,Q202760,241841162
venues_authority.json,Istituto geografico De Agostini,editore,descrizione non da rivista/editore,De Agostini,holding italiana,Q2521786,143150049
venues_authority.json,Istituto Poligrafico dello Stato,editore,descrizione non da rivista/editore,Istituto Poligrafico e Zecca dello Stato,zecca italiana,Q81191,136699896
venues_authority.json,Italica,rivista,descrizione non da rivista/editore,Italica,antica città romana in Spagna,Q658893,248114331
venues_authority.json,Italienisch,rivista,nessuna descrizione,Italienisch,,Q96325809,
venues_authority.json,ITI,editore,descrizione non da rivista/editore,Iti,"personaggio della mitologia greca, figlio di Tereo",Q1675360,10930310
venues_authority.json,Jaca,editore,descrizione non da rivista/editore,Jaca,comune spagnolo,Q49581,169675697
venues_authority.json,Java,editore,descrizione non da rivista/editore,Java,linguaggio di programmazione orientato agli oggetti,Q251,
venues_authority.json,Jombert,editore,descrizione non da rivista/editore,Jombert,cognome,Q58705771,
venues_authority.json,Jugel,editore,descrizione non da rivista/editore,Jugel,human settlement in Germany,Q250700,
venues_authority.json,Kepos,rivista,descrizione non da rivista/editore,Kepos,ancient city of Thrace in modern-day Turkey,Q65089314,
venues_authority.json,Kos,rivista,descrizione non da rivista/editore; etichetta Wikidata diversa dal nome,Coo,isola greca,Q187027,130167104
venues_authority.json,Kröner,editore,descrizione non da rivista/editore,Kröner,cognome,Q25962622,
venues_authority.json,L'Approdo,rivista,descrizione non da rivista/editore,l'approdo,dipinto di Hubert Robert,Q20268074,
venues_authority.json,L'Illuminista,rivista,nessuna descrizione,L'Illuminista,,Q3818026,
venues_authority.json,L'illuminista,rivista,nessuna descrizione,L'Illuminista,,Q3818026,
venues_authority.json,L'Italia che scrive,rivista,nessuna descrizione,L'Italia che scrive,,Q24942612,
venues_authority.json,La Cultura,editore,descrizione non da rivista/editore,La Cultura,scuola sec. secondo grado non statale di Catania in provincia di Catania (Italia) [codice scuola: CTTD08500P],Q52954971,
venues_authority.json,La cultura,rivista,descrizione non da rivista/editore,La Cultura,scuola sec. secondo grado non statale di Catania in provincia di Catania (Italia) [codice scuola: CTTD08500P],Q52954971,
venues_authority.json,La Favilla,editore,descrizione non da rivista/editore; etichetta Wikidata diversa dal nome,Il fuoco,film del 1916 diretto da Giovanni Pastrone,Q3794045,
venues_authority.json,La Lettura,rivista,descrizione non da rivista/editore,La lettura,dipinto di Édouard Manet,Q3178376,
venues_authority.json,La lettura,rivista,descrizione non da rivista/editore,La lettura,dipinto di Édouard Manet,Q3178376,
venues_authority.json,La Nazione Italiana,rivista,nessuna descrizione,La Nazione Italiana,,Q109376933,
venues_authority.json,La Nuova Italia Scientifica,editore,etichetta Wikidata diversa dal nome,Carocci Editore,casa editrice italiana,Q3660506,149105504
venues_authority.json,La rousse,editore,descrizione non da rivista/editore,La Rousse,quartiere del Principato di Monaco,Q55089,
venues_authority.json,La Ruota,rivista,descrizione non da rivista/editore,La ruota,episodio della quarta stagione di American Horror Story,Q18636504,
venues_authority.json,La ruota,rivista,descrizione non da rivista/editore,La ruota,episodio della quarta stagione di American Horror Story,Q18636504,
venues_authority.json,La Scuola,editore,descrizione non da rivista/editore,La scuola,film del 1995 diretto da Daniele Luchetti,Q3824076,
venues_authority.json,La Tipografica,editore,descrizione non da rivista/editore,La Tipografica Varese,Italian printing house,Q137217803,
venues_authority.json,Landi,editore,descrizione non da rivista/editore,Landi,cognome,Q21502104,
venues_authority.json,Lanzani,editore,descrizione non da rivista/editore,Lanzani,cognome,Q99909816,
venues_authority.json,Lapi,editore,descrizione non da rivista/editore,Lapi,cognome,Q37497837,
venues_authority.json,Larousse,editore,descrizione non da rivista/editore,Larousse,cognome,Q37462871,
venues_authority.json,Laterza,editore,descrizione non da rivista/editore,Laterza,comune italiano,Q52016,139537166
venues_authority.json,Le Cheval de Troie,rivista,descrizione non da rivista/editore,Le Cheval de Troie,paperback edition (fr),Q132740875,
venues_authority.json,Le Monnier,editore,descrizione non da rivista/editore,Le Monnier,cratere lunare,Q834286,
venues_authority.json,Le monnier,editore,descrizione non da rivista/editore,Le Monnier,cratere lunare,Q834286,
venues_authority.json,Le Noci,editore,descrizione non da rivista/editore,Le Noci,"frazione del comune italiano di Frosinone, provincia di Frosinone",Q18453149,
venues_authority.json,Le parole e le cose,rivista,descrizione non da rivista/editore,Le parole e le cose,saggio di Michel Foucault,Q1215306,191651687
venues_authority.json,LED,editore,descrizione non da rivista/editore,LED,componente elettronico che emette luce quando è attraversato da corrente elettrica,Q25504,
venues_authority.json,Lefèvre,editore,descrizione non da rivista/editore,Lefèvre,cognome,Q17595543,
venues_authority.json,Legenda,editore,descrizione non da rivista/editore; etichetta Wikidata diversa dal nome,iscrizione,"parole, testi, lettere, simboli riportati su lavori, edifici ed oggetti",Q1640824,
venues_authority.json,Lejeune,editore,descrizione non da rivista/editore,Lejeune,cognome,Q24037059,
venues_authority.json,Lemerre,editore,descrizione non da rivista/editore,Lemerre,cognome,Q56539221,
venues_authority.json,LeMonnier,editore,descrizione non da rivista/editore,Lemonnier,cognome,Q37560323,
venues_authority.json,Leonardo da Vinci,editore,descrizione non da rivista/editore,Leonardo da Vinci,"scienziato, inventore e artista italiano (1452–1519)",Q762,24604287
venues_authority.json,Lerici,editore,descrizione non da rivista/editore,Lerici,comune italiano,Q270189,151346166
venues_authority.json,Lettera Matematica,rivista,nessuna descrizione,Lettera Matematica,,Q96725018,
venues_authority.json,Letteratura,rivista+editore,descrizione non da rivista/editore,letteratura,insieme delle opere scritte e pervenute sino al presente,Q8242,
venues_authority.json,Letteratura italiana contemporanea,rivista,nessuna descrizione,letteratura italiana contemporanea,,Q26046864,
venues_authority.json,Lettres,rivista,descrizione non da rivista/editore,Lettres,field of study and subject combination in the French education system focusing on humanities and languages,Q124412326,
venues_authority.json,Levia Gravia,rivista,descrizione non da rivista/editore,Levia Gravia,raccolta poetica di Giosuè Carducci,Q19135908,
venues_authority.json,Le  Livre,editore,descrizione non da rivista/editore; etichetta Wikidata diversa dal nome,The Book,dipinto di Juan Gris,Q104439143,
venues_authority.json,Liberal,rivista,descrizione non da rivista/editore,Liberal,città del Kansas,Q1003630,138381124
venues_authority.json,Libero,rivista,descrizione non da rivista/editore,libero,ruolo nella pallavolo,Q975915,
venues_authority.json,Libertà,rivista,descrizione non da rivista/editore,libertà,"condizione per cui un individuo può decidere di pensare, esprimersi ed agire senza costrizioni, ricorrendo ad una libera scelta",Q2979,
venues_authority.json,Librairie Française,editore,nessuna descrizione,Librairie française,,Q3237910,
venues_authority.json,Lice,editore,descrizione non da rivista/editore; etichetta Wikidata diversa dal nome,Phthiraptera,ordine di insetti,Q6481228,
venues_authority.json,Liguori,editore,descrizione non da rivista/editore,Liguori,cognome,Q98959513,
venues_authority.json,Limina,rivista,descrizione non da rivista/editore,Limina,comune italiano,Q491839,
venues_authority.json,Linea d'ombra,rivista,descrizione non da rivista/editore,La linea d'ombra,film del 1976 diretto da Andrzej Wajda,Q667503,
venues_authority.json,Lint,editore,descrizione non da rivista/editore,Lint,comune belga,Q725268,248223901
venues_authority.json,Lissoni,editore,descrizione non da rivista/editore,Lissoni,cognome,Q96477883,
venues_authority.json,Liviana,editore,descrizione non da rivista/editore,Liviana,prenome femminile,Q62669697,
venues_authority.json,Loescher,editore,descrizione non da rivista/editore,Loescher,cognome,Q37569962,
venues_authority.json,Loffredo,editore,descrizione non da rivista/editore,Loffredo,cognome,Q37501567,
venues_authority.json,Lombardi,editore,descrizione non da rivista/editore,Julio Antonio Lombardi,botanist,Q21519440,85241559
venues_authority.json,Longmans,editore,etichetta Wikidata diversa dal nome,Longman,casa editrice inglese,Q911673,149560951
venues_authority.json,Louis-Michaud,editore,descrizione non da rivista/editore,Louis Michaud,politico francese,Q3262695,316737558
venues_authority.json,Lucarini,editore,descrizione non da rivista/editore,Lucarini,cognome,Q37453543,
venues_authority.json,L’Ambrosiano,rivista,etichetta Wikidata diversa dal nome,L'Ambrosiano,Italian daily newspaper,Q3817896,
venues_authority.json,L’Arena,rivista,descrizione non da rivista/editore; etichetta Wikidata diversa dal nome,Arena Civica,impianto sportivo polifunzionale di Milano,Q1088761,
venues_authority.json,L’elettrotecnica,editore,nessuna descrizione; etichetta Wikidata diversa dal nome,L'Elettrotecnica,,Q96325384,
venues_authority.json,L’Esame,editore,descrizione non da rivista/editore; etichetta Wikidata diversa dal nome,L'esame,episodio della quattordicesima stagione di E.R. - Medici in prima linea,Q18002359,
venues_authority.json,L’Espresso,rivista,etichetta Wikidata diversa dal nome,L'Espresso,"rivista settimanale italiana di politica, economia e cultura",Q371314,
venues_authority.json,L’Harmattan,editore,etichetta Wikidata diversa dal nome,L'Harmattan,casa editrice francese,Q3579383,313021841
venues_authority.json,L’Illustrazione Vaticana,editore,nessuna descrizione,L'illustrazione Vaticana,,Q134372328,
venues_authority.json,L’immagine riflessa,rivista,nessuna descrizione,L'immagine riflessa,,Q21208086,
venues_authority.json,L’Italiano,editore,descrizione non da rivista/editore; etichetta Wikidata diversa dal nome,L'italiano,canzone di Toto Cutugno del 1983,Q1751265,
venues_authority.json,L’Unità,rivista,etichetta Wikidata diversa dal nome,l'Unità,quotidiano italiano,Q1051163,
venues_authority.json,L’Universale,editore,descrizione non da rivista/editore; etichetta Wikidata diversa dal nome,L'Universale,film del 2016 diretto da Federico Micali,Q96476077,
venues_authority.json,Maccari,editore,descrizione non da rivista/editore,Maccari,cognome,Q21491911,
venues_authority.json,Macchia,editore,descrizione non da rivista/editore,macchia,bioma degli ecosistemi mediterranei,Q667552,
venues_authority.json,Mae,editore,descrizione non da rivista/editore,Mae,prenome femminile,Q2684993,
venues_authority.json,Manifesto,rivista,descrizione non da rivista/editore,manifesto,qualsiasi pezzo di carta stampata progettato per essere fissato ad una parete o superficie verticale,Q429785,
venues_authority.json,Manni,editore,descrizione non da rivista/editore,Manni,cognome,Q28737216,
venues_authority.json,Manzoni,editore,descrizione non da rivista/editore,Alessandro Manzoni,scrittore e poeta italiano (1785-1873),Q1064,14356
venues_authority.json,Margini,rivista,descrizione non da rivista/editore,Margini,film del 2022 diretto da Niccolò Falsetti,Q107445708,
venues_authority.json,Marietti,editore,descrizione non da rivista/editore,Marietti,cognome,Q37503386,
venues_authority.json,Marlborough,editore,descrizione non da rivista/editore,Marlborough,regione neozelandese,Q140083,144399858
venues_authority.json,Marsilio,editore,descrizione non da rivista/editore,Marsilio,prenome maschile,Q84771784,
venues_authority.json,Martello,editore,descrizione non da rivista/editore,martello,attrezzo usato per battere colpi,Q25294,
venues_authority.json,Marzocco,editore,descrizione non da rivista/editore,Marzocco,leone simbolo di Firenze,Q1071785,
venues_authority.json,Marzorati,editore,descrizione non da rivista/editore,Marzorati,cognome,Q21510176,
venues_authority.json,Materiali per una storia della cultura giuridica,rivista,descrizione non da rivista/editore,Materiali per una storia della cultura giuridica,ISSN: 1120-9607,Q69384907,
venues_authority.json,Mattei,editore,descrizione non da rivista/editore,Giovanni Ettore Mattei,botanico italiano,Q3767180,22922068
venues_authority.json,Mattino,rivista,descrizione non da rivista/editore,mattino,parte della giornata dall'alba a mezzogiorno,Q7722,
venues_authority.json,Mazzotta,editore,descrizione non da rivista/editore,Mazzotta,cognome,Q36947212,
venues_authority.json,Mediolanum,editore,descrizione non da rivista/editore,Mediolanum,"antica Milano, originariamente villaggio celtico poi diventato città romana",Q729978,
venues_authority.json,Medium,editore,descrizione non da rivista/editore,medium,persona che sostiene di poter operare come intermediario tra vita e morte con supposte entità soprannaturali,Q583271,
venues_authority.json,Medusa,editore,descrizione non da rivista/editore,Medusa,una delle tre Gorgoni nella mitologia greca,Q160730,172278492
venues_authority.json,Meridiana,editore,descrizione non da rivista/editore; etichetta Wikidata diversa dal nome,orologio solare,strumento di misurazione del tempo basato sul rilevamento della posizione del Sole,Q80793,
venues_authority.json,Mermod,editore,descrizione non da rivista/editore,Mermod,cognome,Q76411671,
venues_authority.json,Messaggero,rivista,descrizione non da rivista/editore,messaggero,person or thing that carries a message,Q54402883,
venues_authority.json,Messein,editore,descrizione non da rivista/editore,Messein,comune francese,Q633420,243721737
venues_authority.json,Metzler,editore,descrizione non da rivista/editore,Metzler,cognome,Q29578095,
venues_authority.json,Michel,editore,descrizione non da rivista/editore,Michel,prenome maschile,Q14626626,
venues_authority.json,Micromega,rivista,descrizione non da rivista/editore,Micromega,racconto filosofico di Voltaire,Q1785978,
venues_authority.json,Miglio,editore,descrizione non da rivista/editore,miglio,unità di lunghezza,Q253276,
venues_authority.json,Millelibri,rivista,nessuna descrizione,Millelibri,,Q134776449,
venues_authority.json,Millenium,rivista,descrizione non da rivista/editore,Millenium,monumento a forma di obelisco di La Coruña,Q2839053,
venues_authority.json,Millhouse,editore,descrizione non da rivista/editore,Millhouse,cognome,Q37312257,
venues_authority.json,Minerva,editore,descrizione non da rivista/editore,Minerva,divinità romana della guerra e della saggezza,Q126916,13107718
venues_authority.json,Ministero della Marina,editore,descrizione non da rivista/editore,ministero della marina,type of ministry,Q1660443,
venues_authority.json,Mitchell,editore,descrizione non da rivista/editore,Mitchell,prenome maschile,Q3859417,
venues_authority.json,Mittler,editore,descrizione non da rivista/editore,Mittler,cognome,Q37007983,
venues_authority.json,Moderna,rivista,descrizione non da rivista/editore,Moderna,azienda di biotecnologie statunitense,Q17081612,
venues_authority.json,Momenti,editore,descrizione non da rivista/editore,Momenti,album di Julio Iglesias del 1982,Q6897167,
venues_authority.json,Monanni,editore,descrizione non da rivista/editore,Monanni,cognome,Q120969994,
venues_authority.json,Mondo,rivista,descrizione non da rivista/editore; etichetta Wikidata diversa dal nome,Terra,terzo pianeta del sistema solare,Q2,6270149919445006650001
venues_authority.json,Mondovi,editore,descrizione non da rivista/editore,Mondovì,comune italiano,Q20188,143195830
venues_authority.json,Monti,editore,descrizione non da rivista/editore,Monti,comune italiano in Sardegna,Q340920,
venues_authority.json,Morano,editore,descrizione non da rivista/editore,Morano,cognome,Q36918570,
venues_authority.json,Morreale,editore,descrizione non da rivista/editore,Morreale,cognome,Q37521612,
venues_authority.json,Mouton,editore,descrizione non da rivista/editore,Mouton,comune francese,Q577293,136606039
venues_authority.json,Movimento Comunità,rivista,descrizione non da rivista/editore,Movimento Comunità,partito politico italiano (1947-1961),Q3866578,
venues_authority.json,Mucchi,editore,descrizione non da rivista/editore,Mucchi,cognome,Q75134921,
venues_authority.json,Muletti,editore,descrizione non da rivista/editore,Muletti,cognome,Q115933271,
venues_authority.json,Muller,editore,descrizione non da rivista/editore,Müller,cognome,Q8157228,
venues_authority.json,Mursia,editore,descrizione non da rivista/editore,Mursia,genus of crustaceans,Q3933628,
venues_authority.json,Nani,editore,descrizione non da rivista/editore,Nani,calciatore portoghese (1986-),Q482947,
venues_authority.json,Napoli,editore,descrizione non da rivista/editore,Napoli,"comune italiano, capoluogo dell'omonima città metropolitana e della regione Campania",Q2634,137842517
venues_authority.json,Narrativa,rivista,descrizione non da rivista/editore,narrativa,tipo di testo in cui un narratore racconta una storia,Q1318295,
venues_authority.json,Nebrija,editore,descrizione non da rivista/editore,Nebrija,cognome,Q104698875,
venues_authority.json,Nelson,editore,descrizione non da rivista/editore,Nelson,autorità unitaria neozelandese,Q206687,153579749
venues_authority.json,Nemi,editore,descrizione non da rivista/editore,Nemi,comune italiano,Q243101,157136919
venues_authority.json,Niemeyer,editore,descrizione non da rivista/editore,Niemeyer,cognome,Q21494542,
venues_authority.json,Nijhoff,editore,descrizione non da rivista/editore,Nijhoff,cognome,Q89343596,
venues_authority.json,Nilsson,editore,descrizione non da rivista/editore,Nilsson,cognome,Q15829860,
venues_authority.json,Nostro Tempo,rivista,nessuna descrizione,Nostro Tempo,,Q20008356,
venues_authority.json,Notari,editore,descrizione non da rivista/editore,Notari,cognome,Q21497039,
venues_authority.json,Nuova accademia,editore,descrizione non da rivista/editore,Nuova Accademia,period circa 266—90 BCE investigating the possibilities of certainty in all knowledge,Q3345153,
venues_authority.json,Nuova Eri,editore,etichetta Wikidata diversa dal nome,Rai Libri,casa editrice della Rai,Q3929493,
venues_authority.json,Oblio,rivista,descrizione non da rivista/editore,oblio,dimenticanza duratura,Q1377840,
venues_authority.json,Oggi e domani,rivista,etichetta Wikidata diversa dal nome,Today and Tomorrow,Italian magazine,Q18171516,
venues_authority.json,Oltre,rivista,descrizione non da rivista/editore,Oltre,comune croato,Q1269873,306283107
venues_authority.json,Optima,editore,descrizione non da rivista/editore,Optima,"human settlement in Texas County, Oklahoma, United States of America",Q1847244,
venues_authority.json,Ora,rivista,descrizione non da rivista/editore,Ora,female given name,Q16290882,
venues_authority.json,Orgéas,editore,descrizione non da rivista/editore,Orgeas,cognome,Q65111597,
venues_authority.json,Ostinelli,editore,descrizione non da rivista/editore,Ostinelli,cognome,Q76425628,
venues_authority.json,Ottino,editore,descrizione non da rivista/editore,Ottino,group of isomers,Q11797612,
venues_authority.json,Pacini,editore,descrizione non da rivista/editore,Pacini,cognome,Q37511715,
venues_authority.json,Pagnoni,editore,descrizione non da rivista/editore,Pagnoni,cognome,Q37543012,
venues_authority.json,Palatina,rivista,descrizione non da rivista/editore,Palatina,tribù romana,Q3538800,
venues_authority.json,Palazzi,editore,descrizione non da rivista/editore; etichetta Wikidata diversa dal nome,palazzo,edificio di grandi proporzioni e di pregio architettonico,Q16560,
venues_authority.json,Palladium,editore,descrizione non da rivista/editore; etichetta Wikidata diversa dal nome,palladio,Pd - Elemento chimico con numero atomico 46,Q1089,
venues_authority.json,Palomar,editore,descrizione non da rivista/editore,Palomar,casa di produzione cinematografica e televisiva italiana,Q16586658,
venues_authority.json,Palumbo,editore,descrizione non da rivista/editore,Palumbo,cognome,Q21450461,
venues_authority.json,Pan,rivista+editore,descrizione non da rivista/editore; etichetta Wikidata diversa dal nome,Partito Azione Nazionale,Mexican political party,Q851087,146694794
venues_authority.json,Panorama,rivista+editore,descrizione non da rivista/editore; etichetta Wikidata diversa dal nome,panoramica,vista o rappresentazione di uno spazio fisico con un ampio angolo,Q41363,
venues_authority.json,Paradigma,rivista,descrizione non da rivista/editore,paradigma,modello di riferimento,Q28643,
venues_authority.json,Parenti,rivista+editore,descrizione non da rivista/editore,Parenti,comune italiano,Q53930,
venues_authority.json,Payot,editore,descrizione non da rivista/editore,payot,boccoli di capelli portati da alcuni uomini e ragazzi delle comunità ebree ortodosse,Q769737,
venues_authority.json,Pegaso,rivista,descrizione non da rivista/editore,Pegaso,costellazione del cielo boreale,Q8864,
venues_authority.json,Pelago,editore,descrizione non da rivista/editore,Pelago,comune italiano,Q82789,157139379
venues_authority.json,Pendragon,editore,descrizione non da rivista/editore,Pendragon,gruppo musicale inglese,Q1856247,147363677
venues_authority.json,Peninsular,editore,descrizione non da rivista/editore,PenInsular,album by Robin Foster,Q16669437,
venues_authority.json,Perrella,editore,descrizione non da rivista/editore,Perrella,cognome,Q37468861,
venues_authority.json,Perrone,editore,descrizione non da rivista/editore,Perrone,cognome,Q2071731,
venues_authority.json,Perrotin,editore,descrizione non da rivista/editore,Perrotin,"art gallery in Paris, Hong Kong, New York, Seoul and Tokyo",Q51594423,154052714
venues_authority.json,Perspectives on Contemporary Literature,rivista,descrizione non da rivista/editore,Perspectives on Contemporary Literature: Literature and the Other Arts,book 1987,Q136204734,
venues_authority.json,Peter Lang,editore,descrizione non da rivista/editore,Peter Lang,Velista danese,Q3720028,3032164604095237910003
venues_authority.json,Petrini,editore,descrizione non da rivista/editore,Petrini,cognome,Q30272610,
venues_authority.json,Piccin Nuova Libraria,editore,nessuna descrizione,Piccin Nuova Libraria,,Q132013281,
venues_authority.json,Piccolo,rivista,descrizione non da rivista/editore,Piccolo,personaggio di Dragon Ball,Q151659,
venues_authority.json,Piper,editore,descrizione non da rivista/editore,Piper,genus of plants,Q159536,
venues_authority.json,Pirola,editore,descrizione non da rivista/editore,Pirola,cognome,Q55361980,
venues_authority.json,Pirotta,editore,descrizione non da rivista/editore,Pietro Romualdo Pirotta,botanico e naturalista italiano (1853-1936),Q3388178,254955797
venues_authority.json,Pisa,editore,descrizione non da rivista/editore,Pisa,"comune italiano, capoluogo dell'omonima provincia in Toscana",Q13375,204007255
venues_authority.json,Pite,editore,descrizione non da rivista/editore,Pite,river in Sweden,Q1330818,315166358
venues_authority.json,Plon,editore,descrizione non da rivista/editore,Plön,"città dello Schleswig-Holstein, Germania",Q497060,128482259
venues_authority.json,Poliorama,rivista,nessuna descrizione,Poliorama Pittoresco,,Q19521480,
venues_authority.json,Pomerio,editore,descrizione non da rivista/editore; etichetta Wikidata diversa dal nome,Pomerium,confine sacro delle città,Q849311,172187615
venues_authority.json,Ponte,rivista,descrizione non da rivista/editore,ponte,"struttura che si estende e fornisce un passaggio su strada, ferrovia, fiume o qualche altro ostacolo",Q12280,
venues_authority.json,Prealpina,rivista,descrizione non da rivista/editore,Prealpina,"hotel in Chexbres, Switzerland",Q111875118,
venues_authority.json,Preda,editore,descrizione non da rivista/editore,Preda,cognome,Q37452846,
venues_authority.json,Presses Universitaires de Lille,editore,nessuna descrizione,Presses Universitaires du Septentrion,,Q3402591,159385232
venues_authority.json,Primato,rivista,descrizione non da rivista/editore; etichetta Wikidata diversa dal nome,record,valore quantificato di una performance che è la migliore in prestazioni comparative,Q1241356,
venues_authority.json,Primi Piani,editore,descrizione non da rivista/editore; etichetta Wikidata diversa dal nome,primo piano,Inquadratura televisiva e fotografica,Q296001,
venues_authority.json,Primo tempo,editore,descrizione non da rivista/editore,Primo tempo,album video di Luciano Ligabue del 2007,Q3921904,
venues_authority.json,Principato,editore,descrizione non da rivista/editore,principato,forma di governo retta da un principe,Q208500,
venues_authority.json,Problemi,rivista,descrizione non da rivista/editore; etichetta Wikidata diversa dal nome,Problemata,opera attribuita ad Aristotele,Q3045363,184950689
venues_authority.json,Proteo,rivista,descrizione non da rivista/editore; etichetta Wikidata diversa dal nome,Proteus anguinus,anfibio urodelo,Q15856,
venues_authority.json,Provincia,rivista,descrizione non da rivista/editore,provincia,unità amministrativa,Q34876,
venues_authority.json,Provincia Di Como,rivista,descrizione non da rivista/editore,provincia di Como,provincia italiana,Q16161,145420598
venues_authority.json,Provincia Di Cremona,rivista,descrizione non da rivista/editore,provincia di Cremona,provincia italiana,Q16163,150100449
venues_authority.json,Pulp,rivista,descrizione non da rivista/editore,Pulp,gruppo musicale britannico,Q504464,136822592
venues_authority.json,Quaderni del ’900,rivista,descrizione non da rivista/editore,Quaderni del '900,ISSN: 1720-0180,Q102469651,
venues_authority.json,Quattroventi,editore,descrizione non da rivista/editore,Quattroventi,town in the Pokémon universe,Q3927399,
venues_authority.json,Qui,rivista,descrizione non da rivista/editore,Qui,fictional Disney character,Q15698944,
venues_authority.json,Quodlibet,editore,descrizione non da rivista/editore,quodlibet,composizione musicale,Q1243912,
venues_authority.json,Rai News 24,rivista,descrizione non da rivista/editore,Rai News 24,rete televisiva italiana nazionale,Q125875,
venues_authority.json,Reale Accademia d’Italia,editore,descrizione non da rivista/editore,Accademia d'Italia,istituzione culturale del Regno d'Italia nel periodo fascista (1929-1944),Q2822280,148892004
venues_authority.json,Rebellato,editore,descrizione non da rivista/editore,Rebellato,family name,Q119559336,
venues_authority.json,Reclam,editore,descrizione non da rivista/editore,Reclam,cognome,Q83872265,
venues_authority.json,Redness,rivista,descrizione non da rivista/editore; etichetta Wikidata diversa dal nome,eritema,arrossamento della pelle causato da infiammazione,Q1166142,
venues_authority.json,Regio esercito italiano,editore,descrizione non da rivista/editore,Regio Esercito,esercito del Regno d'Italia (1861-1946),Q2257793,
venues_authority.json,Rendiconti,rivista,nessuna descrizione,Rendiconti,,Q3932924,
venues_authority.json,Rendiconti. Classe di Lettere e scienze morali e storiche,rivista,nessuna descrizione,Rendiconti. Classe di lettere e scienze morali e storiche,,Q96708980,
venues_authority.json,Renzi,rivista,descrizione non da rivista/editore,Renzi,cognome,Q21493692,
venues_authority.json,Repubblica,rivista,descrizione non da rivista/editore,repubblica,forma di Stato,Q7270,
venues_authority.json,Republica,rivista,descrizione non da rivista/editore,Republica,gruppo musicale britannico,Q2139991,148130758
venues_authority.json,Ribet,editore,descrizione non da rivista/editore,Ribet,cognome,Q36935374,
venues_authority.json,Ricci,editore,descrizione non da rivista/editore,Ricci,cognome,Q21493176,
venues_authority.json,Ricciardi,editore,descrizione non da rivista/editore,Ricciardi,cognome,Q37568583,
venues_authority.json,Ricordi,editore,descrizione non da rivista/editore; etichetta Wikidata diversa dal nome,Colloqui con sé stesso,opera di Marco Aurelio,Q1152283,312359587
venues_authority.json,Rieder,editore,descrizione non da rivista/editore,Rieder,cognome,Q37484633,
venues_authority.json,Riggio,editore,descrizione non da rivista/editore,Riggio,cognome,Q37510059,
venues_authority.json,Rinascita,rivista,descrizione non da rivista/editore,rinascita,evangelical Christian term,Q613015,
venues_authority.json,Ripalta,editore,descrizione non da rivista/editore,Ripalta,frazione di Borghetto di Vara,Q18460952,
venues_authority.json,Risorse,rivista,descrizione non da rivista/editore,Risorse,data in executable file,Q1417897,
venues_authority.json,Rivista di letteratura storiografica italiana,rivista+editore,descrizione non da rivista/editore,Rivista Di Letteratura Storiografica Italiana,; ISSN 2532-9626 / ISSN elettronico 2611-2787,Q102828874,
venues_authority.json,Rivista di letterature moderne e comparate,rivista,nessuna descrizione,Rivista di letterature moderne e comparate,,Q65084778,
venues_authority.json,Rivoluzione,editore,descrizione non da rivista/editore,rivoluzione,radicale cambiamento nella forma di governo di un paese,Q10931,
venues_authority.json,Robin,editore,descrizione non da rivista/editore,Robin,prenome,Q1158139,
venues_authority.json,Robinson,rivista,descrizione non da rivista/editore,Robinson,cognome,Q2798428,
venues_authority.json,Roches,editore,descrizione non da rivista/editore,Roches,comune francese nel dipartimento della Creuse,Q1012448,
venues_authority.json,Roma,rivista+editore,descrizione non da rivista/editore,Roma,"capitale d'Italia, capoluogo dell'omonima città metropolitana e della regione Lazio",Q220,251380480
venues_authority.json,Romanzini,editore,descrizione non da rivista/editore,Romanzini,cognome,Q55111300,
venues_authority.json,Rondinella,editore,descrizione non da rivista/editore,Rondinella,varietà di uva italiana,Q860892,
venues_authority.json,Rusconi,editore,descrizione non da rivista/editore,Rusconi,cognome,Q37127610,
venues_authority.json,S.T.E.N.,editore,etichetta Wikidata diversa dal nome,S.T.E.N.,casa editrice,Q138661266,
venues_authority.json,SAG,editore,descrizione non da rivista/editore; etichetta Wikidata diversa dal nome,Siemens,azienda tedesca,Q81230,156622677
venues_authority.json,Salerno,editore,descrizione non da rivista/editore,Salerno,"comune italiano, capoluogo dell'omonima provincia in Campania",Q1083,305114843
venues_authority.json,Salvi,editore,descrizione non da rivista/editore,Salvi,cognome,Q21449591,
venues_authority.json,Sandron,editore,descrizione non da rivista/editore,Sandron,cognome,Q109593133,
venues_authority.json,Sansoni,editore,descrizione non da rivista/editore,Sansoni,cognome,Q21452160,
venues_authority.json,Savelli,editore,descrizione non da rivista/editore,Savelli,comune italiano,Q54520,148909232
venues_authority.json,Scheiwiller,editore,descrizione non da rivista/editore,Scheiwiller,cognome,Q72416460,
venues_authority.json,Schwarz,editore,descrizione non da rivista/editore,Schwarz,cognome,Q14947294,
venues_authority.json,Sciascia,editore,descrizione non da rivista/editore,Sciascia,scuola primaria di Taranto in provincia di Taranto (Italia) [codice scuola: TAEE832023],Q52912133,
venues_authority.json,Segna,editore,descrizione non da rivista/editore; etichetta Wikidata diversa dal nome,Signo,città in Croazia,Q216978,132641604
venues_authority.json,SEI,editore,descrizione non da rivista/editore; etichetta Wikidata diversa dal nome,6,numero naturale,Q23488,
venues_authority.json,Sestante,editore,descrizione non da rivista/editore,Sestante,costellazione,Q10525,
venues_authority.json,Sette,rivista,descrizione non da rivista/editore; etichetta Wikidata diversa dal nome,7,numero naturale cardinale,Q23350,
venues_authority.json,Seuil,editore,descrizione non da rivista/editore,Seuil,comune francese,Q598816,
venues_authority.json,SIAE,editore,descrizione non da rivista/editore,SIAE,ente pubblico economico italiano,Q3488440,123748976
venues_authority.json,Sigma,rivista,descrizione non da rivista/editore,sigma,parte del colon,Q677253,
venues_authority.json,Signorelli,editore,descrizione non da rivista/editore,Luca Signorelli,pittore italiano del XV secolo,Q7031,46769209
venues_authority.json,Silarus,rivista,nessuna descrizione,Silarus,,Q139928836,
venues_authority.json,Silva,editore,descrizione non da rivista/editore,Silva,cognome,Q6327150,
venues_authority.json,Silvana,editore,descrizione non da rivista/editore,Silvana,prenome femminile,Q831559,
venues_authority.json,Simonelli,editore,descrizione non da rivista/editore,Simonelli,cognome,Q37036942,
venues_authority.json,Sincronie,rivista,descrizione non da rivista/editore; etichetta Wikidata diversa dal nome,sincronia,"state of two or more events being synchronous, or coordinated in time",Q1510505,
venues_authority.json,Sinestesie,rivista,nessuna descrizione; etichetta Wikidata diversa dal nome,sinestesieonline,,Q138427083,
venues_authority.json,Sipario,rivista,descrizione non da rivista/editore,Sipario,romanzo scritto da Agatha Christie,Q731626,
venues_authority.json,Sky Tg24,rivista,descrizione non da rivista/editore,Sky TG24,rete televisiva italiana nazionale,Q1174202,
venues_authority.json,Società,rivista,descrizione non da rivista/editore,società,soggetto giuridico esercente attività di impresa,Q783794,
venues_authority.json,Società Umanitaria,editore,descrizione non da rivista/editore,Società Umanitaria,organizzazione italiana con sede a Milano,Q3548182,
venues_authority.json,Solaria,rivista+editore,descrizione non da rivista/editore,Solaria,genus of plants,Q931930,
venues_authority.json,Sormani,editore,descrizione non da rivista/editore,Sormani,cognome,Q56540857,
venues_authority.json,Stampa,rivista,descrizione non da rivista/editore,stampa,processo per la produzione di testi e immagini,Q11034,
venues_authority.json,Staples,editore,descrizione non da rivista/editore,Staples,"city in Todd County and Wadena Counties, Minnesota, United States",Q2227729,
venues_authority.json,Stella,editore,descrizione non da rivista/editore,stella,corpo celeste che brilla di luce propria,Q523,
venues_authority.json,Sten,editore,descrizione non da rivista/editore,Sten,prenome maschile,Q13422978,
venues_authority.json,Stock,editore,etichetta Wikidata diversa dal nome,titolo,insieme delle azioni della società,Q1196314,
venues_authority.json,Streglio,editore,descrizione non da rivista/editore,Streglio,azienda dolciaria italiana,Q3975976,
venues_authority.json,Studi urbinati di Storia,rivista,nessuna descrizione,"Studi urbinati di storia, filosofia e letteratura",,Q107019246,
venues_authority.json,Sugar,editore,descrizione non da rivista/editore; etichetta Wikidata diversa dal nome,zuccheri,nome generalizzato per una classe di sostanze dolci usate come cibo,Q11002,
venues_authority.json,Symposium,rivista,descrizione non da rivista/editore; etichetta Wikidata diversa dal nome,Simposio,dialogo di Platone,Q486727,175334322
venues_authority.json,Tallone,editore,descrizione non da rivista/editore,tallone,part of the foot in the back,Q174647,
venues_authority.json,Tauchnitz,editore,descrizione non da rivista/editore,Tauchnitz,family name,Q113136276,
venues_authority.json,TCI,editore,descrizione non da rivista/editore; etichetta Wikidata diversa dal nome,Turks e Caicos,territorio d'oltremare britannico,Q18221,135455827
venues_authority.json,Teatro di Roma,editore,descrizione non da rivista/editore,Teatro di Roma,"theatre company in Rome, Italy",Q58006076,155599651
venues_authority.json,Tedeschi,editore,descrizione non da rivista/editore,tedeschi,gruppo etnico localizzato prevalentemente in Germania,Q42884,
venues_authority.json,Tello,editore,descrizione non da rivista/editore,Tello,comune colombiano del dipartimento di Huila,Q934561,
venues_authority.json,Tempo,rivista,descrizione non da rivista/editore,tempo,dimensione nella quale si concepisce e si misura il trascorrere degli eventi,Q11471,
venues_authority.json,Tempo presente,rivista,descrizione non da rivista/editore,tempo presente,grammatical tense; pertaining to current time relative to speaker/writer/reader,Q192613,
venues_authority.json,Terzo Programma,rivista,nessuna descrizione,Terzo programma,,Q107019349,
venues_authority.json,Terzo programma,rivista,nessuna descrizione,Terzo programma,,Q107019349,
venues_authority.json,Testo,rivista,descrizione non da rivista/editore,testo,successione di caratteri organizzata secondo un linguaggio,Q234460,
venues_authority.json,Theatrical,rivista,descrizione non da rivista/editore,Theatrical,cavallo da corsa irlandese,Q7777558,
venues_authority.json,Ticino,rivista,descrizione non da rivista/editore,Canton Ticino,cantone svizzero,Q12724,143075287
venues_authority.json,Tignol,editore,descrizione non da rivista/editore,Tignol,cognome,Q106352727,
venues_authority.json,Today,rivista,descrizione non da rivista/editore,Today,singolo degli Smashing Pumpkins del 1993,Q2758957,
venues_authority.json,Tracce,rivista,descrizione non da rivista/editore; etichetta Wikidata diversa dal nome,traccia,suddivisioni circolari concentriche di un disco ottico,Q7831478,
venues_authority.json,Trakya Üniversitesi Edebiyat Fakültesi Dergisi,rivista,nessuna descrizione,Trakya Üniversitesi Edebiyat Fakültesi Dergisi,,Q96738250,
venues_authority.json,Translation studies,rivista,descrizione non da rivista/editore; etichetta Wikidata diversa dal nome,scienza della traduzione,science of interpreting and translating,Q501778,
venues_authority.json,Treccani.It,rivista,descrizione non da rivista/editore,Treccani Enciclopedia on line,enciclopedia digitale della Treccani pubblicata sul sito www.treccani.it,Q65921422,
venues_authority.json,Trentino,rivista,descrizione non da rivista/editore,Trentino,autonomous province of Italy,Q16289,142524838
venues_authority.json,Trevi,editore,descrizione non da rivista/editore,Fontana di Trevi,"fontana barocca di Roma, Italia",Q185382,225020240
venues_authority.json,Trivium,rivista,descrizione non da rivista/editore,Trivium,gruppo musicale statunitense,Q390684,131678441
venues_authority.json,Troubador,editore,nessuna descrizione,Troubador,,Q99773330,
venues_authority.json,Ttl,rivista,descrizione non da rivista/editore; etichetta Wikidata diversa dal nome,transistor-transistor logic,class of digital circuits built from bipolar junction transistors (BJTs) and resistors; transistors perform both the logic function (e.g. AND) and the amplifying function,Q173451,
venues_authority.json,Tumminelli,editore,descrizione non da rivista/editore,Tumminelli,cognome,Q37254594,
venues_authority.json,U.S. Information Service,editore,descrizione non da rivista/editore,United States Information Service,the overseas branch of USIA with field offices to promote U.S. interests abroad,Q108657196,
venues_authority.json,Umana,editore,descrizione non da rivista/editore; etichetta Wikidata diversa dal nome,Numana,comune italiano,Q124456,143099225
venues_authority.json,Unione Sarda,rivista,descrizione non da rivista/editore,L'Unione Sarda,locale di Cagliari,Q1548903,172159474173527661128
venues_authority.json,United States Armed Forces Institute,editore,descrizione non da rivista/editore,United States Armed Forces Institute,educational institute of the U.S. Armed Forces,Q56808360,151057903
venues_authority.json,United States Information Service,editore,descrizione non da rivista/editore,United States Information Agency,Agenzia governativa degli Stati Uniti,Q1754777,130711883
venues_authority.json,Universitas,editore,descrizione non da rivista/editore,Universitas,denominazione storica per i comuni dell'Italia meridionale nel corso delle età medievale e moderna,Q4005844,
venues_authority.json,University Press,editore,etichetta Wikidata diversa dal nome,casa editrice universitaria,casa editrice legata a un'università,Q479716,
venues_authority.json,Université Jean Moulin,editore,etichetta Wikidata diversa dal nome,Università Lione 3,università della città francese di Lione,Q4027,156463051
venues_authority.json,Uomini e Libri,rivista,descrizione non da rivista/editore,Uomini e libri,programma televisivo italiano,Q3552059,
venues_authority.json,USIS,editore,descrizione non da rivista/editore,USIS,U.S. government contractor,Q17090826,
venues_authority.json,Valdonega,editore,descrizione non da rivista/editore,Valdonega,quartiere di Verona,Q4007597,
venues_authority.json,Valgrisi,editore,descrizione non da rivista/editore,Valgrisi,cognome,Q58183947,
venues_authority.json,Vannini,editore,descrizione non da rivista/editore,Vannini,cognome,Q21496441,
venues_authority.json,Versants,rivista,nessuna descrizione,Versants,,Q122680718,
venues_authority.json,Viella,editore,descrizione non da rivista/editore,Viella,comune francese nel dipartimento del Gers,Q1083478,
venues_authority.json,Vielé,editore,descrizione non da rivista/editore,Viele,cognome,Q37194538,
venues_authority.json,Vita,rivista,descrizione non da rivista/editore,vita,condizione propria della materia vivente,Q3,
venues_authority.json,Vittoriale degli Italiani,editore,descrizione non da rivista/editore,Vittoriale degli italiani,complesso monumentale italiano,Q1547160,236541841
venues_authority.json,Voghera,editore,descrizione non da rivista/editore,Voghera,comune italiano,Q39981,168214470
venues_authority.json,Vuibert,editore,descrizione non da rivista/editore,Vuibert,cognome,Q24015337,
venues_authority.json,Wapler,editore,descrizione non da rivista/editore,Wapler,cognome,Q28035130,
venues_authority.json,Watts,editore,descrizione non da rivista/editore,Watts,cognome,Q17144855,
venues_authority.json,Weichert,editore,descrizione non da rivista/editore,Weichert,cognome,Q20998255,
venues_authority.json,Wetstein,editore,descrizione non da rivista/editore,Wetstein,cognome,Q37450605,
venues_authority.json,Wuz,rivista,nessuna descrizione,WUZ,,Q4017432,
venues_authority.json,Zanetti,editore,descrizione non da rivista/editore,Zanetti,cognome,Q21501989,
